来源,时间,公司规模,英文名字,中文名字,公司简称,法人,成立日期,注册资本(万元）,联系人,联系人职位,职位名称,最低工资,最高工资,工资范围,招人数,工作经验 （年数）,学历要求,行业,公司经营地址,经营范围
,2021-08-09,20-99人,,深圳市逆流信息技术有限公司,逆流信息,黄为,2014-03-27,50万人民币,李女士,HR,外贸专员,6000,10000,6-10K,-,经验不限,大专,贸易/进出口,深圳龙华区中国振华(龙华)工业园610,一般经营项目是：网上从事电子产品、工业自动化产品、通讯产品的销售；经济信息咨询（不含信托、证券、期货、保险及其它金融业务）；国内贸易，货物及技术进出口。，许可经营项目是：
58Job,2021-08-10,100-499人,,深圳市麦士德福科技股份有限公司,博天瑞,古海隆,2006-04-10,200万人民币,,,外贸业务员包住五险高薪,8000,15000,8000-15000元/月,招2人,"经验不限,可接收应届生",大专,原材料和加工+钢铁/机械/设备/重工+电子技术/半导体/集成电路,深圳市光明新区白花洞白花园路11号汇得宝工业区8栋3楼,一般经营项目是：感应数据卡片、IC卡应用系统的设计、开发和销售；自有房屋租赁；货物及技术进出口。（法律、行政法规、国务院决定规定在登记前须经批准的项目除外），许可经营项目是：IC卡及应用系统的生产；PVC卡的生产；口罩、防护面罩、防护服、额温枪、护目镜、橡胶手套、二类医疗器械的批发、零售与网上销售
58Job,2021-08-10,50-99人,,海凌达科技（深圳）有限公司,远瞻环宇,周游,2009-12-30,100万人民币,,,高薪诚聘外贸经理,8000,15000,8000-15000元/月,招1人,1-2年,大专,电子技术/半导体/集成电路,深圳龙华观澜君子布龙兴新村工业园3号4楼,一般经营项目是：电子产品、软件的技术开发、销售；国内贸易（法律、行政法规、国务院决定规定在登记前须经批准的项目除外）；货物进出口、技术进出口（法律、行政法规禁止的项目除外；法律、行政法规限制的项目须取得许可后方可经营）。，许可经营项目是：监控摄像机、硬盘录像机、电源、摄像机支架、交换机、辅助照明灯、LED灯、太阳能灯、太阳能供电系统、智能化系统设备、网络通信设备、智能家居产品、LED显示屏、LCD显示屏、电子设备的生产、销售。
58Job,2021-08-10,50-99人,,海凌达科技（深圳）有限公司,远瞻环宇,周游,2009-12-30,100万人民币,,,高薪诚聘外贸业务员,5000,8000,5000-8000元/月,招10人,"经验不限,可接收应届生",大专,电子技术/半导体/集成电路,深圳龙华观澜君子布龙兴新村工业园3号4楼,一般经营项目是：电子产品、软件的技术开发、销售；国内贸易（法律、行政法规、国务院决定规定在登记前须经批准的项目除外）；货物进出口、技术进出口（法律、行政法规禁止的项目除外；法律、行政法规限制的项目须取得许可后方可经营）。，许可经营项目是：监控摄像机、硬盘录像机、电源、摄像机支架、交换机、辅助照明灯、LED灯、太阳能灯、太阳能供电系统、智能化系统设备、网络通信设备、智能家居产品、LED显示屏、LCD显示屏、电子设备的生产、销售。
,2021-08-09,20-99人,,深圳市逆流信息技术有限公司,逆流信息,黄为,2014-03-27,50万人民币,李女士,HR,外贸产品开发（招新手）,5000,10000,5-10K,-,1年以内,大专,贸易/进出口,深圳 龙华区 中国振华(龙华)工业园 610,一般经营项目是：网上从事电子产品、工业自动化产品、通讯产品的销售；经济信息咨询（不含信托、证券、期货、保险及其它金融业务）；国内贸易，货物及技术进出口。，许可经营项目是：
58Job,2021-08-10,1-49人,,深圳市众杰礼品有限公司,众杰礼品,陈剑,2011-05-23,150万人民币,,,外贸业务,,,薪资面议,招2人,1年以下,大专,其他行业,深圳宝安沙井街道壆岗中日龙路8号,一般经营项目是：礼品、纸品、彩盒的销售；国内贸易，货物及技术进出口。(法律、行政法规、国务院决定规定在登记前须经批准的项目除外），许可经营项目是：礼品、纸品、彩盒的生产。包装装潢印刷品、其他印刷品印刷。
58Job,2021-08-10,100-499人,,深圳市弘达通机电设备有限公司,奇力电子,刘文晖,2018-05-28,1000万人民币,,,外贸助理/跟单,5000,8000,5000-8000元/月,招2人,经验不限,大专,电子技术/半导体/集成电路+贸易/进出口+计算机软件,塘头一号路创维创新谷5A栋4F,一般经营项目是：国内贸易、货物及技术进出口；电子产品、计算机软件、信息系统软件的开发、销售；信息系统设计、集成、运行维护；信息技术咨询；集成电路设计、研发（法律、行政法规、国务院决定禁止和规定在登记前须经批准的项目除外）；第二类医疗器械经营。，许可经营项目是：电子产品、计算机软件、信息系统软件的生产。
58Job,2021-08-10,1-49人,,北京昊亿盈企业管理有限公司,泓禹科技,王志强,2018-03-19,600万人民币,,,阿里外贸专员,6000,8000,6000-8000元/月,招1人,1-2年,大专,其他行业,深圳坪山坪山碧岭永丰路22号,一般经营项目是：电子元件及配件、五金、塑胶、橡胶、模具的技术开发、设计与购销；国内贸易；经营进出口业务，许可经营项目是：硅胶产品的设计及产销；橡胶产品的设计及产销；
58Job,2021-08-10,1-49人,,海凌达科技（深圳）有限公司,华能智研,朱根梅,2009-12-07,100万人民币,,,高薪诚聘外贸业务员,5000,10000,5000-10000元/月,招2人,"经验不限,可接收应届生",大专,计算机硬件+电子技术/半导体/集成电路+化工/采掘/冶炼,民清路19号和恒兴科技园,一般经营项目是：电子产品的购销；散热膏的购销；国内贸易（法律、行政法规、国务院决定规定在登记前须经批准的项目除外）；散热膏的生产加工及散热系列的包装（《建设项目环境影响审查批复》有效期限至2014年9月1日）。，许可经营项目是：
58Job,2021-08-10,100-499人,,深圳市鼎盛肉业食品有限公司,隆瑞科技,沈春华,2002-09-28,550万人民币,,,高薪急聘外贸业务,8000,10000,8000-10000元/月,招3人,6-7年,大专,钢铁/机械/设备/重工+农林牧渔,深圳市宝安区石岩街道水田第三工业区富民路八号安吉尔三楼,一般经营项目是：热力烟雾机、各类喷雾机(器)的销售；热力烟雾机、各类喷雾机(器)的技术研发、技术转让、技术咨询、技术服务；仪器仪表、工业自动化设备、传感器的销售；信息咨询；汽车(不含小轿车)的销售；国内商业、物资供销业，货物及技术进出口。(不含法律、行政法规、国务院规定禁止及决定需前置审批的项目)，许可经营项目是：热力烟雾机、各类喷雾机(器)的生产、仪器仪表、工业自动化设备、传感器生产。
58Job,2021-08-10,50-99人,,深圳市越达彩印科技有限公司,越达彩印,吴越,2011-04-26,500万人民币,,,五险一金包住外贸业务员,6000,10000,6000-10000元/月,招10人,3-5年,高中,钢铁/机械/设备/重工,深圳龙岗区龙岗中心城宝荷大道167号岗贝工业区科技园3栋,一般经营项目是：电子零配件、充电器、电源、办公耗材、工艺品、玩具的销售；熔喷无纺布、抗菌无纺布、复合无纺布及无纺布设备的研发和销售；日用口罩（非医用）销售；国内贸易（法律、行政法规、国务院决定规定在登记前须经批准的项目除外）；货物及技术进出口（法律、行政法规禁止的项目除外，法律、行政法规限制的项目须取得许可后方可经营）。，许可经营项目是：打印机及数码的技术研发、生产加工及销售；熔喷无纺布、抗菌无纺布、复合无纺布及无纺布设备的生产；第一类、二类医用卫生材料及辅料生产、销售
58Job,2021-08-10,100-499人,,深圳科思琪电子科技有限公司,晖耀,夏廷玺,2010-05-28,500万人民币,,,8千起急外贸业务员包吃住,8000,15000,8000-15000元/月,招10人,1-2年,本科,电子技术/半导体/集成电路,深圳龙华新区大浪石凹第二工业区3栋,一般经营项目是：音频连接线、视频连接线、接插件、数码类产品、通讯类产品、五金类产品、塑胶类产品、新能源类产品、LED、LED照明、LED显示屏、LED背光源、节能灯具、太阳能和风能发电产品、电脑科技白板、数字电视综合解码器、机顶盒、安防产品、无线音视频传输器、无线音视频接收器、智能家居产品、智能交通控制系统、智能照明控制系统及新型材料的技术研发、生产和销售；投资兴办实业（具体项目另行申报）；货物及技术进出口。(法律、行政法规或者国务院决定禁止和规定在登记前须经批准的项目除外)，许可经营项目是：
58Job,2021-08-10,50-99人,,深圳市鑫韵诚珠宝首饰有限公司,闽兴科技,肖晓群,2011-09-13,100万人民币,,,外贸（英语优秀应届生）,7000,13000,7000-13000元/月,招3人,1-2年,学历不限,原材料和加工,龙岗五联社区瓦陶四路8号B栋2楼,一般经营项目是：塑胶、五金、电子产品的研发及购销；包装制品、纸箱、彩盒、胶袋的购销；国内贸易；货物及技术进出口。，许可经营项目是：钣金、锌合金、五金制品的加工，CNC加工。
58Job,2021-08-10,1-49人,,深圳市新金科数码发展有限公司,新金科,代世梅,2011-08-15,50万人民币,,,外贸业务专员1年以上经验,4500,9000,4500-9000元/月,招8人,1-2年,学历不限,计算机硬件,广东省深圳市福田区彩田南路彩虹大厦8A,一般经营项目是：投资兴办实业（具体项目另行申报）；数码产品、电子产品及配件、电子数据线、电子元器件、电脑及周边产品、办公用品的购销；计算机软硬件的技术开发、购销；计算机软件的上门维护；计算机周边产品的上门安装及上门维修；电子产品及配件的上门安装；国内贸易（法律、行政法规、国务院决定规定在登记前须经批准的项目除外）；货物及技术进出口（法律、行政法规禁止的项目除外；法律、行政法规限制的项目须取得许可后方可经营）。，许可经营项目是：
58Job,2021-08-10,100-499人,,深圳市时进塑料包装制品有限公司,时进,张炳才,2003-08-26,500万人民币,,,外贸业务员,8000,15000,8000-15000元/月,招3人,"1-2年,可接收应届生",大专,原材料和加工,街道办宝西路15号,一般经营项目是：货物或技术进出口（国家禁止或涉及行政审批的货物或技术进出口除外）。依法需经批准的项目，经相关部门批准后方可开展经营活动），许可经营项目是：研发、生产、销售塑胶制品、五金制品、模具、电子产品及配件。
58Job,2021-08-10,1-49人,,深圳市特别特电子商务有限公司,海锐照明,刘世海,2013-10-21,300万人民币,,,外贸业务应届毕业生,5000,10000,5000-10000元/月,招3人,经验不限,本科,贸易/进出口+家具灯饰+原材料和加工,深圳宝安石岩街道园岭村志泫翰园岭工业园,一般经营项目是：LED灯具产品的技术研发与销售；国内贸易（不含专营、专控、专卖商品）；货物及技术进出口。（法律、行政法规、国务院决定禁止的项目除外，限制的项目须取得许可后方可经营），许可经营项目是：LED灯具的生产、组装。
58Job,2021-08-10,100-499人,,多美达电子（深圳）有限公司,多美达,何钦,2018-12-24,500万人民币,,,高薪外贸销售总监,10000,20000,10000-20000元/月,招10人,3-5年,大专,电子技术/半导体/集成电路,深圳市宝安区西乡南昌社区新零售数字化产业园C座7楼,一般经营项目是：手机、数码产品、智能玩具、早教玩具、智能家居、可穿戴终端、通讯产品、电子产品的软硬件技术开发、设计和销售；电子产品、工艺礼品（象牙及其制品除外）、展示制品、模具及塑胶制品、电子烟、电子烟烟油、电子雾化液、植物提取物（不含危险化学品、易制毒化学品、成品油）、磁悬浮技术装置设备的技术开发及销售；经营电子商务（涉及前置性行政许可的，须取得前置性行政许可文件后方可经营）；品牌策划；投资兴办实业（具体项目另行申报）；国内贸易；货物及技术进出口。（法律、行政法规、国务院决定禁止的项目除外，限制的项目须取得许可后方可经营），许可经营项目是：手机、电子产品、通讯产品、数码产品、智能玩具、早教玩具、智能家居、可穿戴终端的生产。
58Job,2021-08-10,50-99人,,龙川县美居乐装饰设计有限公司,思百乐,屈国杰,2017-03-06,100万人民币,,,高薪外贸业务英语熟练,5000,8000,5000-8000元/月,招5人,"3-5年,可接收应届生",大专,贸易/进出口,华瀚科技工业园厂房3D,一般经营项目是：进出口商品的批发与零售；商品进出口贸易代理服务；国内贸易；商务信息咨询与服务；电子商务业务；货物及技术进出口。，许可经营项目是：
58Job,2021-08-10,1-49人,,奥萌实业（深圳）有限公司,奥萌实业（深圳）,赵萌,2008-01-22,100万人民币,,,外贸跟单,6000,8000,6000-8000元/月,招2人,"经验不限,可接收应届生",大专,贸易/进出口,深圳宝安福永镇同泰时代,一般经营项目是：五金制品的技术开发与销售；化工品（不含危险化学品）、包装材料、电子产品、连接器、电器配线及线材的销售；国内贸易，货物及技术进出口，医疗耗材、仪器仪表，消毒剂、消毒器械、卫生用品、劳保用品、特种劳动防护用品、个人防护用品的批发销售及货物进出口。投资兴办实业（具体项目另行申报）。（法律、行政法规、国务院决定禁止的项目除外，限制的项目须取得许可后方可经营），许可经营项目是：五金制品的加工、I、II类医疗器械的销售。
58Job,2021-08-10,1-49人,,待完善,沃飞科技,何志飞,2011-06-30,2180万人民币,,,外贸业务员,5000,10000,5000-10000元/月,招2人,"经验不限,可接收应届生",大专,仪器仪表/工业自动化,广东省深圳市宝安区福洲大道新和新兴工业园三区四栋二楼,一般经营项目是：高纯及特气供气系统、实验室理化分析供气系统、工业集中供气系统、化学品供液系统、医用供气系统的技术开发、设计、安装、维护、技术信息咨询服务;气体配比器、纯化器、特气柜、汇流排、分配柜、VMB柜、VDB柜、VDP柜、BSGS系统、尾气处理设备的销售及安装;电子工程、生物工程、环保工程、机电工程、洁净室净化工程(以上不含限制项目);机电设备、自动化设备、仪器仪表、阀门管件、减压阀、流体设备、医疗设备的研发与销售;国内贸易;经营进出口业务。(法律、行政法规或者国务院决定禁止和规定在登记前须经批准的项目除外)，许可经营项目是：气体配比器、纯化器、特气柜、汇流排、分配柜、VMB柜、VDB柜、VDP柜、BSGS系统、尾气处理设备的生产；机电设备、自动化设备、仪器仪表、阀门管件、减压阀、流体设备的生产。
58Job,2021-08-10,1-49人,,深圳欧得科技有限公司,鑫盛贸易,林丽玲,2017-09-06,100万人民币,,,仓库打包员理货员外贸电商,4000,6500,4000-6500元/月,招4人,经验不限,学历不限,互联网/电子商务,广东省深圳市龙岗区布吉街道丽湖恒通工业区1栋东梯602,一般经营项目是：电子、数码产品销售；电脑配件销售；电子产品的技术开发与销售；电子设备及配件、电子元器件、机电设备及配件的销售；国内贸易；货物及技术进出口业务。（法律、行政法规、国务院决定禁止的项目除外，限制的项目须取得许可后方可经营），许可经营项目是：
58Job,2021-08-10,1-49人,,深圳市捷丰泰科技有限公司,捷丰泰,王绪华,2012-06-04,100万人民币,,,急聘外贸专员,7000,10000,7000-10000元/月,招3人,"1-2年,可接收应届生",大专,仪器仪表/工业自动化,深圳市龙岗区横岗街道保安社区赐昌路6号3栋1楼,一般经营项目是：电子设备软件系统的技术开发；国内贸易（法律、行政法规、国务院决定规定在登记前须经批准的项目除外）；货物及技术进出口（法律、行政法规禁止的项目除外，法律、行政法规限制的项目须取得许可后方可经营）。，许可经营项目是：五金产品、灯饰、电子产品、电子设备、数控设备及配件的技术开发、购销、生产加工。
58Job,2021-08-10,1-49人,,深圳市若盛科技有限公司,若盛科技,刘美,2013-03-28,100万人民币,,,沙井外贸业务+社保,5000,8000,5000-8000元/月,招2人,"1-2年,可接收应届生",大专,互联网/电子商务,深圳宝安沙井大王山工业一路17号正科时代科技园7楼,一般经营项目是：太阳能产品、电子产品的技术开发与销售；医疗设备租赁与技术服务；国内贸易，货物及技术进出口。(法律、行政法规、国务院决定规定在登记前须经批准的项目除外），许可经营项目是：太阳能产品、电子产品的生产；一类、二类、三类医疗器械和医疗设备的销售；口罩、防护服、测温仪、额温枪、酒精、消毒液、防护产品的销售。
58Job,2021-08-10,100-499人,,深圳市寰宇跨境贸易服务有限公司,,郭丽霞,2019-03-29,100万人民币,,,外贸销售业务员,6000,10000,6000-10000元/月,招6人,1年以下,高中,贸易/进出口+家具灯饰,龙华区冠城浪口华明工业园,一般经营项目是：电子产品，电子元器件、数码产品、通讯产品、手机及电脑周边产品的技术开发与销售；塑胶制品、饰品、灯饰、汽车配件、工艺礼品的销售；国内贸易；货物及技术进出口。，许可经营项目是：
58Job,2021-08-10,1-49人,,深圳市中讯智控有限公司,中讯智控,童美凡,2017-06-07,100万人民币,,,外贸业务员,11000,20000,11000-20000元/月,招5人,经验不限,大专,互联网/电子商务,桂花社区观光路1119号吉利汽车4S店楼上6楼,一般经营项目是：电子产品设备、自动控制设备、智能安防产品、智能家居、商业显示设备的销售及租赁;电子产品、计算机软硬件的研发（法律、行政法规、国务院决定规定在登记前须批准的项目除外）货物及技术进出口权，许可经营项目是：电子产品、计算机软硬件的生产
58Job,2021-08-10,1-49人,,湖南恒双康科技有限公司,蓝虹光电,龚叶琳,2015-07-15,50万人民币,,,外贸业务员+高提成,4500,9000,4500-9000元/月,招4人,1-2年,大专,贸易/进出口,马田街道南庄旧村龙骏商务大厦,一般经营项目是：电子产品研发、设计与销售；国内贸易；货物及技术进出口。（不含法律、行政法规、国务院决定禁止项目和需前置审批的项目），许可经营项目是：口罩、防护服、测温仪、护目镜、额温枪、紫外线消毒灯、喷壶、酒精、医用级纸巾、消毒湿巾、检测试纸、医用手套、电子温度计，消毒设备和器具，医疗器械和设备的销售；电子产品的生产
58Job,2021-08-10,1-49人,,深圳市优奇鑫科技有限公司,天之娇,唐顺勇,2007-06-15,50万人民币,,,高薪招聘外贸销售若干人,5000,10000,5000-10000元/月,招20人,经验不限,学历不限,其他行业,广东省深圳市龙岗区Y211(布澜路),一般经营项目是：水晶礼品、金属礼品、玉石饰品、珠宝首饰的设计与销售及其它国内贸易（不含专营、专控、专卖商品）；从事货物及技术的进出口业务（国家明令禁止及特种许可的除外）；信息咨询（不含人才中介服务及限制项目）。，许可经营项目是：
58Job,2021-08-10,1-49人,,昆明央派医疗器械有限公司昆明分公司,意大斯,桂林实,2010-04-13,100万人民币,,,外贸跟单员,7000,12000,7000-12000元/月,招6人,经验不限,学历不限,医疗/保健/卫生/美容+互联网/电子商务+贸易/进出口,深圳龙岗龙岗大道坪地段4062号,一般经营项目是：智能卫浴、智能洁具、塑胶制品、五金制品、硅胶制品、橡胶制品的设计、研发、生产及销售；塑胶模具、五金模具的设计、研发、生产及销售；电子商务；批发和零售业；国内贸易（不含专营、专卖、专控商品）；经营货物及技术进出口业务（法律、行政法规、国务院决定禁止的项目除外，限制的项目须取得许可后方可经营），许可经营项目是：卫浴洁具、五金制品、塑胶制品的产销
58Job,2021-08-10,1-49人,,惠州春昶五金塑料有限公司,儒商,施坚政,2016-11-22,50万人民币,,,外贸业务员,4000,7000,4000-7000元/月,招3人,"1-2年,可接收应届生",大专,其他行业,惠州惠阳新圩镇花边岭特佳利工业区5栋1楼办公室,生产、销售：塑胶制品。(依法须经批准的项目，经相关部门批准后方可开展经营活动)〓
58Job,2021-08-10,1-49人,,深圳市鑫成工艺饰品有限公司,鑫成工艺,陈志,2017-05-11,100万人民币,,,外贸经理外贸业务员,5000,10000,5000-10000元/月,招6人,"1-2年,可接收应届生",大专,批发/零售,坪地街道坪西社区坪西南路26号,一般经营项目是：五金工艺饰品、金属制品的研发及销售；国内贸易，货物及技术进出口。，许可经营项目是：
58Job,2021-08-10,1-49人,,深圳市麦诚特科技有限公司,麦诚特科技,王玲,2014-08-18,10万人民币,,,外贸产品开发上架专员,4000,8000,4000-8000元/月,招3人,"经验不限,可接收应届生",学历不限,互联网/电子商务,深圳龙岗区南湾街道办樟树布村荔景公寓,一般经营项目是：首饰、服装、电子产品、箱包、美容美发产品的技术开发与销售，国内贸易，经营进出口业务（法律、行政法规、国务院决定禁止的项目除外，限制的项目须取得许可后方可经营）。，许可经营项目是：
58Job,2021-08-10,100-499人,,深圳市三一精工科技有限公司,三一精工,丁衡阳,2004-09-27,50万人民币,,,外贸业务员,,,薪资面议,招4人,1-2年,大专,电子技术/半导体/集成电路,深圳龙岗南联怡龙枫景园3B2403,一般经营项目是：电子产品、五金制品的技术开发及销售（不含再生资源回收经营）；安防工程的设计与施工；国内贸易（法律、行政法规、国务院决定规定在登记前须经批准的项目除外）；货物及技术进出口（法律、行政法规禁止的项目除外；法律、行政法规限制的项目须取得许可后方可经营）。，许可经营项目是：LED灯具、LED驱动器、开关电源的生产加工。
58Job,2021-08-10,1-49人,,深圳普乐斐特贸易有限公司,深圳普乐斐特贸易,吴美玲,2020-04-03,100万人民币,,,外贸跟单,4500,9000,4500-9000元/月,招若干人,经验不限,大专,贸易/进出口,广东省深圳市龙华区高尔夫大道8号艺创国际中心1105,一般经营项目是：预包装食品、服装服饰、日用百货、家用电器、化妆品、鞋帽、文化用品、办公用品、酒店用品、日化用品、数码产品、通讯设备、工艺礼品、电子产品、计算机软件、计算机及周边设备、机电产品及设备、建筑材料、装潢材料、第二类医疗器械、家居用品、家用电器零配件、厨具卫具及日用杂品的销售，商务信息咨询（不含市场调查及其他限制项目）、图文设计；从事货物及技术进出口（不含分销及国家专营专控商品）。以上经营范围不含国家规定实施准入特别管理措施的项目，涉及备案许可资质的需取得相关证件后方可实际经营。，许可经营项目是：
58Job,2021-08-10,50-99人,,深圳市美迪泰科技有限公司,美迪泰,叶宜兵,2010-06-13,50万人民币,,,外贸业务员,8000,10000,8000-10000元/月,招1人,1-2年,大专,互联网/电子商务,深圳市宝安区沙井东环路438号雅典居四楼,一般经营项目是：电子产品、数码产品、五金交电产品、通迅设备、日用品的销售；计算机软硬件以及设备、计算机辅助设备技术的技术开发与销售；经营电子商务（涉及行政许可的，须取得行政许可文件后方可经营）； 国内贸易，货物及技术进出口，国内货运代理，技术服务。（法律、行政法规、国务院决定规定在登记前须经批准的项目除外），许可经营项目是：塑胶制品、五金交电产品的加工与生产。
58Job,2021-08-10,1-49人,,深圳市奥斯利电子商务有限公司,尼可达,李静,2016-04-28,50万人民币,,,外贸业务,3500,5500,3500-5500元/月,招5人,经验不限,大专,贸易/进出口,广东省深圳市宝安区桂花路桂花别墅,一般经营项目是：船舶配件、照明设备、机械设备、橡塑制品、玩具、环保材料、包装材料、音响设备、化妆品、工艺礼品、电子产品、仪器仪表、纺织品、服装服饰、汽摩配件、日用百货、茶具的批发与销售；文化活动策划；物业管理；投资咨询（根据法律、行政法规、国务院决定等规定需要审批的，依法取得相关审批文件后方可经营）；商务咨询；翻译服务；投资兴办实业（具体项目另行申报）；国内贸易；经营电子商务；货物及技术进出口。（法律、行政法规、国务院决定禁止的项目除外，限制的项目须取得许可后方可经营），许可经营项目是：预包装食品、烟、酒、茶叶的批发与销售。
58Job,2021-08-10,1-49人,,深圳市麦士德福科技股份有限公司,,鲁显刚,2009-06-10,500万人民币,,,外贸业务员,4000,8000,4000-8000元/月,招5人,经验不限,大专,电子技术/半导体/集成电路,广东省深圳市光明区下村第三工业区冰夏科技,"一般经营项目是：计算机软、硬件的技术开发；计算机软件及应用系统(除计算机信息系统安全专用产品)、计算机硬件、外部设备及配件、电子产品,、机电产品、通信设备(除卫星电视广播地面接收设施)、办公自动化产品的开发、销售及维护；计算机网络产品及工程；卫生产品、消毒产品、保健（食）品、化妆品、药品的科技研究与开发；电池、电池组、电子产品、塑胶原料、塑胶材料、电子元器件、集成电路、LED产品、LCD液晶显示屏、光电产品、半导体、太阳能产品、仪表配件、数字电视播放产品、高分子材料、纤维材料及工艺品的研发与销售；汽车电子产品、电子产品的研发与销售；摄像模组、摄像产品及相关智能应用产品的研发及销售；国内贸易；货物及技术进出口。，许可经营项目是：智能电子电器产品、Led应用灯具设计研发、生产和销售；LED灯具、电子电器的生产及销售；熔喷布、无纺布 、鼻梁条、耳线、口罩的生产与销售；消毒剂(液体)、乙醇(无水)、医疗电子设备、体温计、消毒用品、卫生用品的销售；计算机系统集成及工程设计施工,"
58Job,2021-08-10,50-99人,,深圳市荣达信电源科技有限公司,荣达信,陆贵荣,2008-01-14,200万人民币,,,外贸电商,6000,12000,6000-12000元/月,招2人,3-5年,大专,钢铁/机械/设备/重工+电子技术/半导体/集成电路+仪器仪表/工业自动化,深圳宝安松岗罗田社区广田路47号大南海广发工业园B栋5楼,一般经营项目是：电源设备、表面处理设备、电镀设备、环保设备、机电设备的研发与销售；国内商业、物资供销业。(法律、行政法规、国务院决定规定在登记前须经批准的项目除外），许可经营项目是：电源设备、表面处理设备、电镀设备、环保设备、机电设备的生产。
58Job,2021-08-10,1-49人,,深圳市屿水科技有限公司,,帅泉清,2018-08-28,100万人民币,,,外贸业务员,8000,12000,8000-12000元/月,招3人,"1-2年,可接收应届生",大专,贸易/进出口,东莞大岭山颜屋智慧城,一般经营项目是：电动滑板车、电动平衡车、电动自行车、电子产品、数码产品、照明产品、五金产品、通讯设备、手机配件、电子元器件、电脑周边配件销售；计算机及技术的开发；经营电子商务；国内贸易；货物及技术进出口。，许可经营项目是：
58Job,2021-08-10,1-49人,,深圳市酷可电子有限公司,酷可电子,李林,2013-04-16,500万人民币,,,5-10K外贸业务员,5000,10000,5000-10000元/月,招10人,"经验不限,可接收应届生",大专,贸易/进出口,广东省深圳市龙华区新牛路港深国际中心A5-25,一般经营项目是：储能电池、锂离子电池、移动电源、电子烟、充电器、耳机、音响、数据线、充电宝、智能锁、行车记录仪产品、电子元器件、数码产品、智能设备、LED产品、电子产品及配件的研发与销售；储能电池、锂离子电池、锂离子电芯、移动电源的信息技术服务；国内贸易；货物及技术进出口。（法律、行政法规禁止的项目除外；法律、行政法规限制的项目须取得许可后方可经营），许可经营项目是：无。
58Job,2021-08-10,1-49人,,深圳市诚盛佳机械有限公司,铂瑞祥,孙毅,2015-08-18,800万人民币,,,高薪急招外贸客服,8000,15000,8000-15000元/月,招2人,"1-2年,可接收应届生",大专,钢铁/机械/设备/重工,深圳市龙华区大浪华荣路亿康商务大厦8楼8038室,一般经营项目是：机械设备、智能机器人、工业机器人的销售；机器人系统集成；电子产品、五金产品、五金配件的销售；国内贸易；货物及技术进出口 。，许可经营项目是：机械设备、智能机器人、工业机器人的生产。
58Job,2021-08-10,1-49人,,深圳市中科劲纬智能有限公司,科领表计,蒋滔,2015-11-06,820万人民币,,,外贸经理外贸主管外贸总监,10000,15000,10000-15000元/月,招3人,经验不限,大专,贸易/进出口+仪器仪表/工业自动化,光明新区侨德科技园,一般经营项目是：电子元器件、手持抄表器、手持终端（PDA）、缴费终端及系统、缴费POS机及智能化设备的研发、销售；电子产品的技术方案的研发、技术咨询及销售；电子式电能表、智能水表、气表、热量表、燃气表、仪器仪表、采集器、集中器的研发及销售；四表合一系统及设备、通讯模块、通讯接口、表箱及仪表整套等设备的研发及销售；软件系统开发、系统集成、销售及服务；软件工程及系统维护；模具的研发及销售；货物及技术进出口业务。法律、行政法规、国务院决定规定在登记前须经批准的项目除外），许可经营项目是：电子式电能表、智能水表、气表、热量表、燃气表、仪器仪表、采集器、集中器、四表合一系统及设备、通讯模块、通讯接口、表箱及仪表整套等设备的生产；各种仪器仪表用的塑胶产品及二次加工；模具的生产，建设项目环境影响审批
58Job,2021-08-10,1-49人,,深圳市星磊科技有限公司,三希,罗词,2018-04-20,100万人民币,,,日语外贸业务员/跟单员,5000,8000,5000-8000元/月,招1人,经验不限,学历不限,批发/零售+贸易/进出口,深圳龙岗区龙岗街道龙岗路10号硅谷动力电商港202B,一般经营项目是：电子、五金、塑胶制品、纸制品、木制品、玻璃、纺织品、玩具、陶瓷、家庭用品的购销；国内贸易；货物及技术进出口。，许可经营项目是：
58Job,2021-08-10,1-49人,,深圳市大复实业有限公司,大复实业,符忠科,2013-03-07,500万人民币,,,外贸业务专员,6000,10000,6000-10000元/月,招2人,经验不限,大专,生物/制药/医疗器械,深圳南山西丽街道阳光社区松白路1008号企航科创研发产业园F栋706,一般经营项目是：医疗净化工程、室内装修装饰工程的设计与施工；投资咨询（不含限制项目）；国内贸易货物及技术进出口。，许可经营项目是：生产经营清洗、消毒、净化设备及其配套工程的设计与施工；医疗器械、医用纺织品的生产。
58Job,2021-08-10,1-49人,,艾文创意包装科技（深圳）有限公司,恒睿利业,颜育斌,2016-04-21,50万人民币,,,外贸5000以上可应届生,5000,10000,5000-10000元/月,招4人,经验不限,学历不限,贸易/进出口,福田深南大道3027嘉汇新城汇商中心1210,一般经营项目是：电子产品、通讯产品及配件的销售及其它国内贸易；经营进出口业务。（法律、行政法规、国务院决定禁止的项目除外，限制的项目须取得许可后方可经营），许可经营项目是：
58Job,2021-08-10,50-99人,,深圳科思琪电子科技有限公司,富视彩电子科技,钟世琼,2008-03-28,200万人民币,,,外贸业务员,5000,8000,5000-8000元/月,招2人,1-2年,本科,电子技术/半导体/集成电路,深圳市龙岗区布吉镇宝丽路65号2栋3楼,一般经营项目是：安防、监控及电子产品的销售；国内贸易；货物及技术进出口。，许可经营项目是：医疗器械的销售；电视盒（电视外置信号转换器）、电视卡、笔记本电视卡的技术开发、生产加工。
58Job,2021-08-10,100-499人,,深圳市巴尔斯科技有限公司,,邹英鹏,2015-09-11,100万人民币,,,外贸专员/助理/跟单,5000,10000,5000-10000元/月,招若干人,经验不限,大专,贸易/进出口,广东省深圳市坪山区宝龙路4号,一般经营项目是：工艺礼品、劳保用品、饰品、有色金属工艺制品、珠宝、水晶饰品、的设计、研发与购销；五金材料、模具及包装用品的研发与购销；二类医疗器械的研发与购销；国内贸易，货物及技术进出口。，许可经营项目是：工艺品（象牙及其制品除外）、装饰品、模具、五金制品的生产、加工。
58Job,2021-08-10,1-49人,,深圳市捷运同城物流供应链有限公司,泽行服饰,陈旋,2016-12-02,5万人民币,,,外贸业务员5个工贸一体,3500,7000,3500-7000元/月,招5人,"1年以下,可接收应届生",大专,服装/纺织/皮革+贸易/进出口,平龙东路222号2楼,一般经营项目是：国内贸易、经营进出口业务，许可经营项目是：体育用品、服装鞋帽的设计、生产与销售
58Job,2021-08-10,1-49人,,深圳市羽飞扬科技有限公司,,杨波,2016-12-26,10万人民币,,,外贸业务员,4000,7000,4000-7000元/月,招5人,"经验不限,可接收应届生",大专,互联网/电子商务+贸易/进出口,深圳宝安福怀德社区锦城大厦,一般经营项目是：经营电子商务；国内贸易（不含专营、专卖、专控商品）；经营进出口业务 （不含限制项目）；服装、鞋帽、纺织面料、纺织品、日杂品、日用品的销售；厨房、卫生间用具及日用杂货的销售；化妆品及卫生用品的销售 ；家具、玩具的销售；，许可经营项目是：
58Job,2021-08-10,100-499人,,深圳市瑁尔服饰有限公司,瑁尔服饰,杨瑞莲,2013-03-21,50万人民币,,,外贸专员,,,薪资面议,招5人,"1-2年,可接收应届生",大专,服装/纺织/皮革+原材料和加工,布吉秀峰工业城A1栋二楼北座,一般经营项目是：服装、鞋帽、纺织面料、纺织品、日杂品、生活日用品、家具、玩具的销售；国内贸易；货物及技术进出口。，许可经营项目是：
58Job,2021-08-10,100-499人,,深圳市京联泰科技有限公司,美创,黄锦文,1995-01-19,150万人民币,,,外贸,,,薪资面议,招1人,经验不限,大专,仪器仪表/工业自动化,深圳龙岗区上李朗方鑫路16号美立仪器,一般经营项目是：销售仪器仪表、电子元器件、五金交电、办公自动化设备、电子产品；提供电子产品上门维修；电子科技信息咨询；化工产品（不含危险品）销售，国内贸易（不含专营、专控、专卖商品）；经营进出口业务（法律、行政法规、国务院决定禁止的项目除外，限制的项目须取得许可后方可经营）。，许可经营项目是：仪器仪表的生产。
58Job,2021-08-10,100-499人,,深圳市华电照明有限公司,华电照明,吴东伟,2013-01-30,200万人民币,,,外贸业务员,20000,30000,20000-30000元/月,招3人,1-2年,大专,其他行业,深圳宝安石岩镇石龙仔金凯进工业园A1栋2楼,一般经营项目是：LED应用与照明、LED光电元器件的技术开发、设计、生产与销售；灯光工程的设计与施工；货物及技术进出口。(法律、行政法规、国务院决定规定在登记前须经批准的项目除外），许可经营项目是：
58Job,2021-08-10,1-49人,,深圳市骑乐网络科技有限公司,,杨丽华,2018-06-14,500万人民币,,,外贸专员,6000,8000,6000-8000元/月,招2人,"经验不限,可接收应届生",大专,贸易/进出口+互联网/电子商务+电子技术/半导体/集成电路,广东省深圳市宝安区松岗街道红星社区红海大厦8栋913,一般经营项目是：印刷电路板、SMT贴片、电子元器件、塑胶产品、钢网、治具、夹具、测试架、五金产品、通信设备、汽车电子、安防产品、智能居家、LED产品、消费电子产品的研发及销售；抄板设计；国内贸易（不含专营、专卖、专控商品）；经营进出口业务。（以上法律、行政法规、国务院决定禁止的项目除外，限制的项目须取得许可后方可经营），许可经营项目是：印刷电路板、SMT贴片、电子元器件、塑胶产品、钢网、治具、夹具、测试架、五金产品、通信设备、汽车电子、安防产品、智能居家、LED产品、消费电子产品的生产及加工；退热贴、驱蚊扣、医用口罩、医用电子产品、防护服、护目镜、消毒液、红外体温计、测量仪、医疗器械自动化生产设备、二类医疗器械的研发及销售。
58Job,2021-08-10,50-99人,,深圳前海中影南方影视文化传播有限公司,深圳兆信企业顾问,程义荣,2005-01-25,500万人民币,,,外贸经理,8000,15000,8000-15000元/月,招1人,1-2年,大专,媒体传播,深圳市宝安区新安街道海华社区兴业华庭二楼,"一般经营项目是：企业管理咨询、企业投资咨询、企业形象策划（以上不含限制项目）,投资咨询，教育咨询，经营电子商务，国内贸易，货物和技术进出口。（法律、行政法规、国务院决定禁止的项目除外，限制的项目须取得许可后方可经营），许可经营项目是："
58Job,2021-08-10,1-49人,,深圳市联合多层线路板有限公司,,侯代翼,2013-09-30,50万人民币,,,外贸员/外贸业务员,5000,8000,5000-8000元/月,招2人,"经验不限,可接收应届生",大专,电子技术/半导体/集成电路,深圳福田华强北桑达409栋2103,一般经营项目是：通讯设备、数码产品、电子产品的研发及销售；国内贸易，货物及技术进出口。(法律、行政法规、国务院决定规定在登记前须经批准的项目除外），许可经营项目是：通讯设备、数码产品，电子产品的加工及生产。
58Job,2021-08-10,1-49人,,深圳市深天易控股有限公司,分秒智能,李世才,2018-01-23,100万人民币,,,急聘外贸专员,4000,8000,4000-8000元/月,招2人,"经验不限,可接收应届生",大专,教育/科研/培训+互联网/电子商务+计算机软件,八卦四路1综合楼华晟达大厦B段705房,一般经营项目是：智能网络控制系统设备的设计、研发、销售及上门安装；计算机系统设计；网页设计；计算机系统集成；网络设备的上门安装维护；计算机软硬件的技术开发、技术咨询、技术服务及销售；文化艺术交流活动策划；文化信息咨询；教育咨询；教育软件的研发及销售；体育赛事活动策划；公关活动策划；摄影服务（除彩扩）；礼仪策划；商务信息咨询；影视策划；动漫设计；从事广告业务；会务策划；展览展示策划；企业形象策划；室内装潢设计；通讯工程，网络工程；电脑图文设计；网络游戏软件开发及销售；电子产品、服装、工艺品（象牙及其制品除外）、日用百货的销售；经营电子商务；国内贸易；经营进出口业务。（法律、行政法规、国务院决定禁止的项目除外，限制的项目须取得许可后方可经营），许可经营项目是：经营演出及经纪业务；广播电视节目制作；互联网信息服务业务。
58Job,2021-08-10,50-99人,,深圳市恒创展示制品有限公司,恒创展示,张昭利,2013-10-18,550万人民币,,,外贸跟单高薪福利好培训,5000,10000,5000-10000元/月,招5人,"经验不限,可接收应届生",大专,贸易/进出口,深圳市宝安区沙井街道东环路89号上高坡工业区第五栋,一般经营项目是：展示架、纸货架、彩盒，集金属、塑料、木质、雪弗板、复合板等综合材料展示用品、包装制品的研发、设计与销售；商业空间展示展览策划；展示道具、有机玻璃工艺品、家具、新材料技术的研发；国内贸易；货物及技术进出口。（法律、行政法规、国务院决定规定在登记前须经批准的项目除外），许可经营项目是：展示架、纸货架、彩盒，集金属、塑料、木质、雪弗板、复合板等综合材料展示用品、包装制品的生产。
58Job,2021-08-10,1-49人,,深圳市数维科技有限公司,数维科技,陈波华,2012-10-18,100万人民币,,,外贸业务员/外贸经理,8000,15000,8000-15000元/月,招1人,3-5年,大专,贸易/进出口,深圳龙华大浪华兴路35号裕景泰工业园6栋2楼,一般经营项目是：电子产品、电子元器件、数码通讯产品、电脑周边产品的技术开发与销售；国内贸易，经营进出口业务。，许可经营项目是：
58Job,2021-08-10,50-99人,,深圳市粤安电力工程有限公司,宝威特,李万龙,2015-03-12,1001万人民币,,,外贸经理,5000,8000,5000-8000元/月,招若干人,3-5年,学历不限,通信/电信+能源(电力/水利/矿产),广东省深圳市宝安区玉泉东路19号A13栋5楼,一般经营项目是：工业电源、开关电源、逆变电源、太阳能控制器、铅酸电池、锂电池、UPS不间断电源、军品电源，储能电源、太阳能光伏发电及风能发电设备及配件、太阳能光伏逆变器、电动汽车充电设备、电动车车载电源及电池管理系统、汇流箱的销售。国内贸易；货物及技术进出口。（法律、行政法规、国务院决定规定在登记前须批准的项目除外），许可经营项目是：工业电源、开关电源、逆变电源、太阳能控制器的生产
58Job,2021-08-10,100-499人,,深圳市易通自动化设备有限公司,易通自动化设备,蒋克志,2011-11-11,500万人民币,,,外贸业务员,3500,4400,3500-4400元/月,招4人,1-2年,大专,其他行业,深圳宝安领航城街道鹤州社区洲石路739号恒丰工业城C2栋2楼,一般经营项目是：SMT、LED高速贴片机、LED封装检测设备、SMT相关配套设备、PCB检测设备、自动化设备的研发与销售；国内贸易；货物及技术进出口；房屋租赁。（法律、行政法规、国务院决定规定在登记前须批准的项目除外），许可经营项目是：SMT、LED高速贴片机、LED封装检测设备、SMT相关配套设备、PCB检测设备、自动化设备的生产。
58Job,2021-08-10,1-49人,,深圳市信旺实业有限公司,信旺实业,颜梓欣,2018-04-19,100万人民币,,,外贸业务员,5000,10000,5000-10000元/月,招2人,经验不限,大专,贸易/进出口,港深国际中心A1142,一般经营项目是：电子产品、数码产品、通讯设备、摄影器材、智能家居、照明产品、五金产品、仪器仪表、安防器材、电子元器件、电脑周边配件、服装、鞋帽、箱包、箱包配饰、皮具、玩具、钟表、珠宝首饰、家纺用品、母婴用品、化妆用具、个人护理产品、宠物用品、户外用品、体育用品、日用百货的销售；通信产品、计算机软硬件的技术开发；投资兴办实业（具体项目另行申报）；经营电子商务；国内贸易；货物及技术进出口(法律、行政法规、国务院决定规定在登记前须经批准的项目除外，涉及行政许可的，须取得行政许可后方可经营），许可经营项目是：
58Job,2021-08-10,1-49人,,深圳市金大鹏科技有限公司,金大鹏科技,蔡辉鹏,2008-09-17,50万人民币,,,外贸跟单,5000,8000,5000-8000元/月,招5人,经验不限,大专,其他行业,中国广东省深圳市福田区华强北街道中航路7号,一般经营项目是：电子产品、电子元器件、集成电路、智能卡、二三极管的技术开发和销售及其他国内贸易（不含专营、专控、专卖商品）；经营进出口业务（法律、行政法规、国务院决定禁止的项目除外，限制的项目须取得许可后方可经营）。，许可经营项目是：
58Job,2021-08-10,1-49人,,海盛环保（深圳）有限公司,海盛环保（深圳）,吴胜海,2009-12-10,1000万人民币,,,外贸专员/助理,5000,8000,5000-8000元/月,招若干人,经验不限,学历不限,其他行业,广东省深圳市宝安区民旺路457-35,一般经营项目是：电线、电缆，光纤、光缆、光通讯设备，光学器械和仪器可视门铨对讲，工具，汽车用品，手机配件，智能穿戴，智能终端设备，通讯设备的研发、技术服务、技术咨询、销售；人工智能技术开发与技术转让；网络科技、信息技术、计算机软硬件的技术开发、技术转让、技术咨询和技术服务；电子、电器、通讯产品技术开发及销售；环保工程；环保设备的技术开发，技术转让，技术咨询和技术服务；矿山设备、五金建材、化学药剂（不含危险化学品）、管道阀门、污泥处理输送设备及配件的销售；国内贸易，货物及技术进出口。 无纺布的销售 （法律、行政法规、国务院决定禁止的项目除外，限制的项目须取得许可后方可经营，许可经营项目是：预包装食品的销售；互联网信息服务；手机通信设备、电子产品的生产和维修；无纺布的生产
58Job,2021-08-10,1-49人,,深圳市昌迈科技有限公司,昌迈科技,刘应军,2006-08-28,50万人民币,,,外贸业务助理,5000,8000,5000-8000元/月,招10人,"1年以下,可接收应届生",大专,批发/零售+原材料和加工,深圳龙华民治街道腾龙北路商务中心5A座2003房,一般经营项目是：电子元器件、电子配件、电子材料的科技开发及销售，货物及技术进出口。（以上项目均不含法律、行政法规、国务院决定规定需前置审批及禁止项目），许可经营项目是：
58Job,2021-08-10,1-49人,,深圳青出蓝生物技术有限公司,道格拉斯,郑金梦,2013-05-28,600万人民币,,,外贸经理,10000,15000,10000-15000元/月,招1人,3-5年,本科,贸易/进出口+原材料和加工+电子技术/半导体/集成电路,深圳龙华新区观澜狮径路核电工业园4栋5楼,一般经营项目是：电子数码产品、小音箱、电子礼品、移动电源、平板电脑、蓝牙产品、手机配件、电脑周边配件、通讯产品的技术研发、设计与销售；国内贸易；货物及技术进出口。第二类医疗器械的技术研发与销售。，许可经营项目是：特种劳动防护用品生产与销售；口罩的生产与销售；纺织品、熔喷布、特种劳动防护用品的检测服务；电子数码产品、移动电源、电脑周边配件、通讯产品的生产与组装。
58Job,2021-08-10,1-49人,,深圳科思琪电子科技有限公司,深圳瀚迪高科技有限责任公司,,,""",",,,外贸业务员,6000,10000,6000-10000元/月,招2人,1-2年,大专,IT服务/系统集成+电子技术/半导体/集成电路,深圳龙华新区龙华东环二路环保大厦603,""","
58Job,2021-08-10,1-49人,,厦门瑞鸿信科技有限公司,车雅居,张后举,2014-08-25,100万人民币,,,外贸,7000,12000,7000-12000元/月,招3人,1-2年,中专,汽车/摩托车+互联网/电子商务+电子技术/半导体/集成电路,深圳龙岗嶂背园湖科技园1栋5楼,一般经营项目是：汽车电子产品及其配套软件、车载音响、汽车零部件、导航仪、车载无线通讯设备的技术开发、购销； 汽车整车销售；国内贸易；货物及技术进出口；文化用品、艺术品、玉石、工艺品贸易；字画、美术品、木器、陶瓷的销售；，许可经营项目是：汽车电子产品及其配套软件、车载音响、汽车零部件、导航仪、车载无线通讯设备的研制、生产加工、维修；白酒贸易。
58Job,2021-08-10,1-49人,,深圳市星磊科技有限公司,宏仪集成,付益海,2015-12-28,100万人民币,,,外贸专员,4000,6000,4000-6000元/月,招若干人,经验不限,学历不限,批发/零售,广东省深圳市坪山区坑梓街道城兴路31号林立写字楼,一般经营项目是：电子产品、仪器仪表、电子工具、电子元器件、集成电路、线材辅料及相关周边产品的购销及技术开发；国内贸易；经营进出口业务，许可经营项目是：
58Job,2021-08-10,50-99人,,深圳市艾美尚科技有限公司,希波曼电子,管佳军,2003-02-08,50万人民币,,,外贸专员/助理,5000,10000,5000-10000元/月,招若干人,1-2年,本科,贸易/进出口,广东省深圳市宝安区周家大道,一般经营项目是：自有房屋租赁；国内贸易、经营进出口业务（以上项目法律、行政法规、国务院决定禁止的项目除外，限制的项目须取得许可后方可经营）。，许可经营项目是：收音机、玩具、电子礼品、塑胶产品的生产、销售。
58Job,2021-08-10,1-49人,,深圳市诚铭电子有限公司,,刘莉乐,2016-05-10,10万人民币,,,外贸专员,3000,5000,3000-5000元/月,招若干,经验不限,学历不限,互联网/电子商务,广东省深圳市龙岗区龙景科技园,一般经营项目是：汽车用品、汽车配件、数码产品、通信设备、电子产品和设备的技术开发、设计与销售；计算机软件技术开发；取暖设备、一类医疗器械、健身器材的销售；服饰、鞋帽、针纺织品、手袋、纺织原料、日用百货、服装辅料的销售；国内贸易；经营进出口业务。，许可经营项目是：二、三类医疗器械的销售；医疗用品、非医用日用防护口罩、医用防护口罩、医用眼罩、医用酒精、防护服、橡胶手套、体温计、额温枪、消毒液、喷雾器具、洗手液、劳保用品的研发与销售。
58Job,2021-08-10,50-99人,,深圳市大卖家数码有限公司,,於治宇,2019-08-14,100万人民币,,,外贸跟单,,,薪资面议,招若干人,经验不限,大专,互联网/电子商务+贸易/进出口,广东省深圳市宝安区大浪北路,一般经营项目是：便携式储能电源、户外便携智能空调、电源产品及配件、电池、五金、电子产品的研发和销售；分布式光伏发电项目及新能源储能电站的技术研发、设计、上门安装施工及上门维护。国内贸易、货物进出口、技术进出口 (法律、行政法规、国务院决定禁止的项目除外，限制的项目须取得许可后方可经营)。，许可经营项目是：便携式储能电源、户外便携智能空调、电源产品及配件、电池、五金、电子产品的生产。 (法律、行政法规、国务院决定禁止的项目除外，限制的项目须取得许可后方可经营)
58Job,2021-08-10,1-49人,,泉州市亿廷展示用品有限公司,泉州市亿廷展示用品,吴蜓蜓,2019-04-19,100万人民币,,,外贸业务员,,,薪资面议,招若干,1-2年,大专,贸易/进出口,广东省深圳市宝安区南环路207号,销售：金属展架、展示用品、有机玻璃。（依法须经批准的项目，经相关部门批准后方可开展经营活动）
58Job,2021-08-10,50-99人,,深圳红河通电子科技有限公司,红河,袁汝河,2013-04-08,50万人民币,,,外贸业务员,4000,8000,4000-8000元/月,招5人,"1-2年,可接收应届生",大专,批发/零售+钢铁/机械/设备/重工,深圳宝安沙井街道同富裕工业区中熙工业园F栋三楼,一般经营项目是：开关插座、PCB、PCBA贴片、礼品、塑胶制品的技术开发与销售；国内贸易；经营进出口业务。（法律、行政法规、国务院决定禁止的项目除外，限制的项目须取得许可后方可经营），许可经营项目是：电子产品、转换插头的生产。
58Job,2021-08-10,1-49人,,深圳市佳仁科技有限公司,佳仁科技,詹晓敏,2013-07-30,100万人民币,,,外贸助理,,,薪资面议,招若干人,经验不限,大专,互联网/电子商务+通信/电信+电子技术/半导体/集成电路,京南路4号泉森红木棉创意园3栋2楼,一般经营项目是：电子产品的设计;信息技术、软件的技术开发、技术咨询;计算机编程;计算机软件设计;通讯产品的技术开发、销售;计算机硬件的技术开发、技术咨询;电子产品的上门维护、销售;智能交通产品、会议公共广播设备、电子设备、通讯产品、电子产品的研发与销售；集成电路产品的购销；安防产品、智能烟感报警器、智能垃圾桶、智能家居用品的开发与销售。，许可经营项目是：
58Job,2021-08-10,1-49人,,深圳市源鑫锋盛模具有限公司,天启盛电子,叶继青,2014-06-05,50万人民币,,,外贸专员,5000,10000,5000-10000元/月,招若干,经验不限,学历不限,其他行业,广东省深圳市福田区华强北街道都会轩4101-4201室,一般经营项目是：电子产品、电子元器件、数码产品及周边产品的技术开发与销售，国内贸易，经营进出口业务。（法律、行政法规、国务院决定禁止的项目除外，限制的项目须取得许可后方可经营），许可经营项目是：电子元器件的生产与加工。
58Job,2021-08-10,50-99人,,深圳市爱夫卡科技股份有限公司,华夏光大,李红文,2014-06-09,300万人民币,,,外贸业务销售,5000,10000,5000-10000元/月,招5人,经验不限,学历不限,计算机硬件,深圳市宝安区沙井新桥大围五路9号,一般经营项目是：散热风扇、散热片、电脑周边产品的研发与销售；国内贸易；货物及技术进出口，许可经营项目是：通讯产品、汽车配件、电机、DC风扇、散热风扇、散热器、电子产品的生产
58Job,2021-08-10,1-49人,,深圳优事达科技有限公司,,丁胜,2017-02-07,100万人民币,,,外贸业务员,,,薪资面议,招若干人,经验不限,大专,其他行业,宝龙三路振业峦山谷一期12栋2单元,一般经营项目是：烟具、研磨器、家用手工工具及铝制品的开发与销售；电子产品、网络设备的研发与销售；国内贸易；经营进出口业务。，许可经营项目是：
58Job,2021-08-10,1-49人,,展辰新材料集团股份有限公司,鸿诚兴,汤军,2013-10-15,500万人民币,,,外贸业务助理,3800,7000,3800-7000元/月,招若干人,经验不限,大专,化工/采掘/冶炼,深圳光明光明办事处新陂头南8号,一般经营项目是：国内贸易，货物及技术进出口，许可经营项目是：海绵口罩、海绵材料、泡棉材料、木浆棉、电子海绵包装材料的生产及研发与销售；一次性口罩、一次性用品、KN95口罩、防护服、隔离服的销售；胶带、PE袋、纸卡、彩盒、纸箱、双面胶的生产与销售；
58Job,2021-08-10,1-49人,,深圳市海信微电子有限公司,瑞迪莱,沈红霞,2013-12-31,50万人民币,,,外贸业务员,5000,10000,5000-10000元/月,招2人,经验不限,学历不限,电子技术/半导体/集成电路+通信/电信,臣田航城工业区建源智创园a1栋203劲力集团公交站台旁,一般经营项目是：无线模块、物联网无线通信类产品、智能软硬件系统技术研发、项目工程开发、销售及技术维护；电子商务；国内贸易，经营进出口业务。（ 法律、行政法规、国务院决定禁止的项目除外，限制的项目需取得许可后方客户经营），许可经营项目是：无线模块、物联网无线通信类产品、智能软硬件系统的组装测试。
58Job,2021-08-10,1-49人,,深圳市予粤拆除,焱龙玻璃,庄辉如,2019-12-18,200万人民币,,,外贸专员/助理,3000,5000,3000-5000元/月,招若干人,经验不限,学历不限,原材料和加工+贸易/进出口+建筑/建材,龙城街道吉祥社区彩云路42号云海企业总部基地C栋108,一般经营项目是：浮法玻璃、建筑玻璃、建筑类配件、太阳能玻璃、电器及家具玻璃的销售；玻璃工艺设计及信息咨询；国内贸易；经营进出口业务；劳保防护用品进出口业务。，许可经营项目是：
58Job,2021-08-10,50-99人,,深圳市中美通用科技有限公司,中美通用,赵军辉,2009-06-22,1000万人民币,,,B2B外贸业务员,4500,8000,4500-8000元/月,招4人,经验不限,大专,原材料和加工,深圳龙华大浪明坤垯工业园5栋4楼,一般经营项目是：电子产品、智能手表、智能设备及周边产品、电池产品、太阳能电池及周边产品的研发和销售；医用口罩、手套、额温枪、防护服、护目镜、体温计、血压计、血糖仪、血氧仪、呼吸机等二类医疗器械的销售；国内贸易，货物及技术进出口。，许可经营项目是：电子产品、智能手表、智能设备及周边产品、电池产品、太阳能电池及周边产品的生产。
58Job,2021-08-10,1-49人,,深圳市心筑物联智能科技有限公司,嘉天宇,杨继元,2011-07-20,100万人民币,,,外贸经理,,,薪资面议,招若干人,3-5年,大专,批发/零售+互联网/电子商务,广东省深圳市福田区深南中路3004号,一般经营项目是：耳机线、数据线、电子产品的销售；耳机的设计及研发；国内贸易；经营进出口。，许可经营项目是：
58Job,2021-08-10,1-49人,,升宝五金塑胶制品（深圳）有限公司,,徐张葵,2011-03-14,200万美元,,,外贸专员,4000,4500,4000-4500元/月,招5人,经验不限,学历不限,其他行业,富地岗豪市工业园,一般经营项目是：生产经营五金塑胶厨房用具及家庭用品，从事货物及技术进出口业务（不含分销）。，许可经营项目是：
58Job,2021-08-10,1-49人,,深圳安星物联科技发展有限公司,泓禹科技,王志强,2018-03-19,600万人民币,,,阿里巴巴外贸专员,6000,8000,6000-8000元/月,招若干,1-2年,学历不限,其他行业,广东省深圳市龙岗坪山新区碧岭社区永丰路22号,一般经营项目是：电子元件及配件、五金、塑胶、橡胶、模具的技术开发、设计与购销；国内贸易；经营进出口业务，许可经营项目是：硅胶产品的设计及产销；橡胶产品的设计及产销；
58Job,2021-08-10,50-99人,,深圳市合盛创杰科技有限公司,海纳成,施性海,2010-01-26,50万人民币,,,五金外贸业务员,5000,10000,5000-10000元/月,招3人,1-2年,高中,原材料和加工,深圳龙岗区新生村井田路7号,一般经营项目是：螺丝、螺母、自动车床件、精密五金件、电子配件的生产加工；国内贸易（法律、行政法规、国务院决定规定在登记前须经批准的项目除外）。，许可经营项目是：
58Job,2021-08-10,1-49人,,深圳市星磊科技有限公司,深圳婉龙科技,刘杜甫,2020-04-21,50万人民币,,,外贸业务员/外贸销售,4000,8000,4000-8000元/月,招1人,1年以下,大专,贸易/进出口+医疗/保健/卫生/美容+批发/零售,招商局智慧城A2栋705,一般经营项目是：美容美肤美妆产品生产销售、家具家电、智能制造机电、运动器材、LED灯具生产销售；电子产品、通讯设备的技术开发；经营电子商务；国内贸易；，许可经营项目是：
58Job,2021-08-10,1-49人,,深圳市凌晨四点文化艺术有限公司横岗分公司,,曾翔枫,2019-03-25,""",",,,外贸专员,5000,8000,5000-8000元/月,招若干,经验不限,学历不限,游戏+其他行业,中国广东省深圳市龙岗区龙岗街道龙湖路21号-1,一般经营项目是：企业形象策划；文化活动策划；文化用品、工艺美术品、礼品的购销及其他国内贸易；装潢设计；展览展示；美术设计、电脑动画设计；室内真人实景游戏设计。，许可经营项目是：
58Job,2021-08-10,1-49人,,深圳小鹏鹏餐饮管理有限公司,深圳朗烨阳光科技,符丰,2011-06-07,10万人民币,,,外贸专员/助理,8000,12000,8000-12000元/月,招若干人,经验不限,学历不限,其他行业,福永街道怀德南路4号明禧创意园A3栋403,一般经营项目是：手机、数码产品、电子产品、家居用品、照明设备、机电设备、家电产品的技术开发；工业产品设计；产品外观设计；平面设计；国内贸易；货物及技术进出口。（法律、行政法规、国务院决定规定在登记前须批准的项目除外），许可经营项目是：
58Job,2021-08-10,1-49人,,深圳市瑞利嘉科技有限公司,瑞利嘉,宁小梅,2015-12-21,100万人民币,,,阿里国际外贸经理,5000,8000,5000-8000元/月,招5人,1-2年,大专,通信/电信,观湖路新田中瑞工业园A栋,一般经营项目是：电子通讯设备、3c数码设备与配件、手机周边产品、电子产品电子元器件、机械设备、五金交电、家具、文化用品的设计与销售；计算机硬件、软件及辅助设备、化工原料、建筑产品等领域内的技术开发、技术咨询；模具开发与销售，经营电子商务，国内贸易，货物及技术进出口。（法律、行政法规禁止的项目除外；法律、行政法规限制的项目须取得许可后方可经营），许可经营项目是：
58Job,2021-08-10,1-49人,,深圳市特别特电子商务有限公司,乐华,张令,2012-09-26,100万人民币,,,外贸业务员,10000,15000,10000-15000元/月,招若干人,1年以下,大专,贸易/进出口,广东省深圳市宝安区沙井街道鹏城汇合智造创新园5栋3楼,一般经营项目是：拼接屏、拼接控制器软硬件、广告机、显示器、LED显示屏、多媒体一体机软硬件、五金外壳等商用显示设备、智能多媒体设备、电子产品的研发与销售；国内贸易；从事货物及技术的进出口业务。（法律、行政法规、国务院决定禁止的项目除外，限制的项目须取得许可后方可经营），许可经营项目是：拼接屏、拼接控制器软硬件、广告机、显示器、LED显示屏、多媒体一体机软硬件、五金外壳等商用显示设备、智能多媒体设备、电子产品的生产。
58Job,2021-08-10,1-49人,,深圳市伟柏家具有限公司,佳佳文具,莫明全,2005-10-11,50万人民币,,,外贸专员,4000,8000,4000-8000元/月,招若干人,1-2年,大专,办公用品及设备,广东省深圳市龙岗区平湖街道上木古社区宝福路4号A栋二楼,一般经营项目是：国内贸易。，许可经营项目是：办公文具、皮塑制品、纸制品的技术开发、生产、加工与销售。
58Job,2021-08-10,1-49人,,深圳市星磊科技有限公司,汇允科技,高秋锦,2014-10-20,30万人民币,,,外贸专员/助理,4000,8000,4000-8000元/月,招若干人,经验不限,学历不限,互联网/电子商务,广东省深圳市龙岗区坂田街道E联盟商务中心,一般经营项目是：电子产品、计算机软硬件及电脑配件销售，计算机硬件技术开发，国内贸易（不含专营、专控、专卖商品），许可经营项目是：
58Job,2021-08-10,1-49人,,深圳市元武新能源有限公司,,吴军强,2019-10-29,5000万人民币,,,外贸业务员,8000,15000,8000-15000元/月,招若干人,1-2年,大专,能源(电力/水利/矿产)+环保,广东省深圳市光明区汇通路7号万和科技大厦,"一般经营项目是：电子产品、手机、手机周边配件、数码产品、智能设备、安防用品、玩具、日用百货、办公用品、配电开关控制设备、高低压成套电气(设备)、建筑电器、交通电器、防爆电器 、家用电器、仪器仪表、电线电缆 、通信电器及设备 、塑料制品、五金制品、建筑材料、金属材料、机械设备、机电设备、通讯设备研发及销售；医用电子仪器设备、医疗用品及器材、医疗器械、生物医用电子仪器销售，口罩、医用口罩、新型纤维膜材料、熔喷无纺隔膜、无纺布口罩材料、熔喷无纺布及配套材料销售（不含三类医疗器械，二类医疗器械备案后方可销售）；新能源汽车充电产品及其配套设备、通讯系统、电动汽车充电桩、便携式汽车充电枪的研发、设计、销售、上门维护及技术转让；新能源汽车充电场站和充电基础设施的投资、工程设计、项目施工建设；充电站运营、上门维护；新能源汽车充电站整体解决方案和充电综合管理平台的设计、开发、运营、上门维护及技术转让；无线充电技术产品的研发、销售和系统维护；建筑材料、卫浴、水龙头、额温计、测温仪、电子产品开发设计、销售；国内贸易、货物及技术进出口。(经营范围中属于法律、行政法规、国务院决定规定应当经批准的项目,凭批准文件、证件经营)，许可经营项目是：新能源汽车充电产品及其配套设备、通讯系统、电动汽车充电桩、便携式汽车充电枪的制造；无线充电技术产品的生产；建筑材料、卫浴、水龙头、额温计、测温仪、电子产品制造；市政公用工程施工总承包，电力工程施工总承包"
58Job,2021-08-10,100-499人,,深圳市恒德裕科技有限公司,恒德裕,许业林,2017-11-06,10万人民币,,,外贸/速卖通客服,,,薪资面议,招2人,经验不限,大专,互联网/电子商务,深圳福田华强北赛格科技园,一般经营项目是：计算机软硬件、电子产品的技术开发、购销；销售办公用品、计算机及配件、日用百货、通讯设备、针纺织品、皮革制品、箱包、包装材料、玩具、酒店用品、工艺品、化妆品、环保产品、手机及配件、数码产品；信息咨询；企业管理咨询；国内贸易；货物及技术进出口；（法律、行政法规或者国务院决定禁止和规定在登记前须经批准的项目除外），许可经营项目是：
58Job,2021-08-10,50-99人,,精锐钮扣（深圳）有限公司,恒利顺手,李振平,2010-06-07,200万人民币,,,外贸业务跟单员,5000,10000,5000-10000元/月,招1人,"经验不限,可接收应届生",本科,原材料和加工,塘坑地铁站后安信大厦,一般经营项目是：二类医疗器械的购销（除依法须经批准的项目外， 凭营业执照依法自主开展经营活动）；货物进出口、技术进出口（法律、行政法规禁止的项目除外；法律、行政法规限制的项目须取得许可后方可经营）。，许可经营项目是：无纺布手袋制品、无纺布家私辅料的生产加工；防尘、民用口罩的生产。防护服的生产及销售；
58Job,2021-08-10,1-49人,,深圳市格调家居有限公司,深圳米莱科电子,黄钇淮,2019-03-07,100万人民币,,,外贸专员,4000,8000,4000-8000元/月,招6人,经验不限,大专,其他行业,182设计园2栋702A,一般经营项目是：电子产品的研发及销售；经营电子商务；国内贸易；经营进出口业务。（根据法律、行政法规、国务院决定等规定需要审批的，依法取得相关审批文件后方可经营），许可经营项目是：
58Job,2021-08-10,50-99人,,深圳市合盛创杰科技有限公司,精艺印刷,刘彦玲,2018-01-19,150万人民币,,,外贸跟单,,,薪资面议,招2人,3-5年,学历不限,出版/印刷/造纸,广东省深圳市宝安区凤业六路,一般经营项目是：包装装潢印刷品、包装制品、印刷制品（不含出版物）、胶粘制品、印刷设备的技术开发、设计及销售；平面设计；包装设计；一次性无纺布口罩、一次性塑胶手套、护目镜、一类医疗用品及器材的销售；医用防护服、医用鞋、医用靴、医用发帽、一次性医用口罩、一次性医用外科口罩、医用外科手套、医用手术手套、测温枪、额温计、医用护目镜的销售、二类医疗用品及器材的销售；国内贸易，货物及技术进出口。（法律、行政法规、国务院决定禁止的项目除外，限制的项目须取得许可后方可经营），许可经营项目是：
58Job,2021-08-10,50-99人,,深圳市千周电子技术有限公司,千周电子技术,刘阁,2006-07-19,200万人民币,,,外贸经理,4000,8000,4000-8000元/月,招1人,1-2年,大专,广告/创意,深圳龙岗区圆山街道西坑社区凤凰路1号,一般经营项目是：国内贸易（不含专营、专控、专卖商品）。，许可经营项目是：舞台音响、灯光、设备的生产加工与销售（不含限制项目）。
58Job,2021-08-10,100-499人,,深圳市宝安区新安街道亨大电子元器件经营部,宝安区新安街道亨大电子元器件经营部,谢金聪,2017-12-21,3万人民币,,,外贸业务,,,薪资面议,招若干,3-5年,大专,电子技术/半导体/集成电路,广东省深圳市宝安区松岗街道江边创业三路8号,电子产品的销售。^
58Job,2021-08-10,50-99人,,深圳市艾美尚科技有限公司,安泰沃,韦文,2017-10-26,100万人民币,,,外贸助理,6000,10000,6000-10000元/月,招5人,"经验不限,可接收应届生",大专,贸易/进出口,深圳宝安华丰互联网,"一般经营项目是：计算机技术开发，技术服务;日用百货、厨房用品、运动产品、母婴用品、宠物用品、工艺品（象牙及其制品除外）、数码产品、通讯产品、汽车配件、电子产品及配件的研发与销售；国内贸易；货物及技术进出口，经营进出口业务。(以上各项涉及法律、行政法规、国务院决定禁止的项目除外,限制的项目须取得许可后方可经营)，许可经营项目是：口罩、口罩机器、体温枪、防护服、护目镜等医疗器械及相关产品销售。"
58Job,2021-08-10,1-49人,,深圳市玩嗨科技有限公司,风向兴,肖可可,2014-09-03,10万人民币,,,外贸业务员,6000,12000,6000-12000元/月,招5人,"经验不限,可接收应届生",大专,贸易/进出口,深圳宝安福永桥头地铁站A出口福霖大夏1110室,一般经营项目是：纺织品、皮革、皮具产品的技术开发、设计与销售；国内贸易；货物及技术进出口。，许可经营项目是：
58Job,2021-08-10,1-49人,,深圳皓琦芯科技有限公司,皓琦芯,罗海平,2014-04-22,50万人民币,,,外贸专员,6000,12000,6000-12000元/月,招10人,"经验不限,可接收应届生",大专,电子技术/半导体/集成电路,深圳罗湖区建设路南方证券大厦A座1619室,一般经营项目是：电子产品、电子元器件、手机产品的开发与销售；珠宝、手表的设计研发与销售；国内贸易（不含专营、专控、专卖商品）；经营进出口业务。（法律、行政法规、国务院决定禁止的项目除外，限制的项目须取得许可后方可经营），许可经营项目是：
58Job,2021-08-10,50-99人,,深圳市瑞福达液晶显示技术股份有限公司,鑫硕泰（深圳）科技,胡道进,2007-07-27,1000万人民币,,,外贸销售,8000,15000,8000-15000元/月,招3人,"经验不限,可接收应届生",中专,计算机硬件+贸易/进出口+电子技术/半导体/集成电路,龙华新区民治街道民康路1号华南国际物流跨境电商431,一般经营项目是：网络技术开发；电子产品及周边配件的销售、通信产品及周边配件的销售、计算机软硬件及周边产品的技术开发与销售；经营电子商务；五金交电、日用品、化工材料(不含易燃、易暴、危险品）、日用塑料制品、包装用品的购销及其他国内贸易；货物及技术进出口。（法律、行政法规、国务院决定禁止的项目除外，限制的项目须取得许可后方可经营），许可经营项目是：
58Job,2021-08-10,1-49人,,深圳市蓝丰实业有限公司,新生精密,李莉文,2017-06-21,100万人民币,,,外贸业务员,4000,6000,4000-6000元/月,招6人,经验不限,学历不限,环保,深圳宝安塘尾大德智创城B栋104新生精密,一般经营项目是：自动化设备、零件、治具的研发；国内贸易。（法律、行政法规或者国务院决定禁止和规定在登记前须经批准的项目除外），许可经营项目是：自动化设备、零件、治具的生产制造；
58Job,2021-08-10,50-99人,,深圳市标杆教育科技有限公司,标杆教育,杨刚,2013-08-08,100万人民币,,,外贸业务员,10000,12000,10000-12000元/月,招5人,1年以下,大专,教育/科研/培训,深圳龙华新区忠信路9号汇亿财富中心1613A室,一般经营项目是：教育用品的技术开发；企业管理咨询、商务信息咨询；市场营销策划；经营电子商务。国内贸易代理；贸易经纪；贸易代理。（除依法须经批准的项目外，凭营业执照依法自主开展经营活动），许可经营项目是：企业管理培训；货物进出口；技术进出口；进出口代理。（依法须经批准的项目，经相关部门批准后方可开展经营活动，具体经营项目以相关部门批准文件或许可证件为准）
58Job,2021-08-10,50-99人,,深圳市隆曜科技有限公司,易路视,黄晓萃,2014-05-06,50万人民币,,,外贸专员,5000,10000,5000-10000元/月,招若干人,经验不限,大专,互联网/电子商务+贸易/进出口,深圳市龙华新区东环一路中泰科技园3栋301室,一般经营项目是：电子产品的技术开发与技术咨询；计算机系统集成、网络及软硬件领域内的技术开发、技术咨询、技术服务；计算机软、硬件及配件的销售；通讯设备、电子产品、电子元器件、集成电路的销售；数码产品、监控产品、安防产品的技术开发与销售；国内贸易；货物及技术进出口。（法律、行政法规禁止的项目除外；法律、行政法规限制的项目须取得许可后方可经营），许可经营项目是：数码产品、监控产品、安防产品的生产。
58Job,2021-08-10,100-499人,,深圳市宇昊晟塑胶科技有限公司,宇昊晟,张少云,2014-04-03,50万人民币,,,外贸业务员,5000,10000,5000-10000元/月,招20人,"经验不限,可接收应届生",学历不限,贸易/进出口+批发/零售,深圳龙岗龙岗中心城正中时代大厦B座2503,一般经营项目是：塑胶制品、硅胶制品、五金制品、电子产品、礼品、经营网上电子商务（涉及前置性行政许可的须取得前置性行政许可文件后方可经营），国内贸易；货物及技术进出口。（法律、行政法规、国务院决定规定在登记前须经批准的项目除外），许可经营项目是：
58Job,2021-08-10,1-49人,,深圳市艾美尚科技有限公司,盈科智联,方贤波,2013-08-02,50万人民币,,,外贸专员,6000,10000,6000-10000元/月,招若干,经验不限,大专,贸易/进出口,深圳坪山龙田街道竹坑兰竹东路1号绿基工业园2栋2楼,一般经营项目是：办公用品、服装鞋帽、箱包、皮革制品、针织品、数码产品、电子产品、3C配件、饰品、首饰、包装材料、玩具、厨房卫生间用品、美容产品、体育用品、日用百货、印刷制品、塑料制品、汽车配件、电脑及配件的销售、市场营销策划；国内贸易，货物及技术进出口，许可经营项目是：
58Job,2021-08-10,1-49人,,深圳市鼎信商业服务有限公司,易利德,王肖瑞,2015-07-24,100万人民币,,,外贸业务员/阿里国际站,4500,8000,4500-8000元/月,招3人,1年以下,大专,贸易/进出口,华南城平安大道开田科技园安田大厦306,一般经营项目是：宠物用品、电子元器件的研发与销售；；经营电子商务；国内贸易（不含专营、专控、专卖商品）；货物及技术进出口，许可经营项目是：
58Job,2021-08-10,50-99人,,深圳市安比立科技有限公司,安比立,谈举众,2016-09-26,10万人民币,,,外贸专员/助理,5000,10000,5000-10000元/月,招若干人,经验不限,大专,贸易/进出口+互联网/电子商务+批发/零售,广东省深圳市龙华区龙华大道,一般经营项目是：电子产品的技术研发、计算机、计算机配件的销售；国内贸易；经营进出口业务。，许可经营项目是：
58Job,2021-08-10,1-49人,,深圳市牧龙居水族贸易有限公司,牧龙居,罗立福,2013-01-07,100万人民币,,,外贸业务员,5000,8000,5000-8000元/月,招3人,经验不限,学历不限,互联网/电子商务+批发/零售,广东省深圳市龙岗区布吉丹竹头宝丹路16号星际中心2号办公楼3层整层,一般经营项目是：观赏鱼、水族器材、水族用品、工艺品、水族缸、生态壁画、生态茶几的设计、技术开发和购销；园林景观、家居背景装饰墙的设计；国内贸易（法律、行政法规、国务院决定规定在登记前须经批准的项目除外）；货物及技术进出口（法律、行政法规、国务院决定禁止的项目除外，限制的项目须取得许可后方可经营）。，许可经营项目是：
58Job,2021-08-10,1-49人,,深圳市艾美尚科技有限公司,利胜贸易,许佳媛,2015-09-07,10万人民币,,,外贸跟单人员,6000,8000,6000-8000元/月,招2人,3-5年,大专,贸易/进出口,南头街道大汪山社区桃园路8号田厦国际中心,一般经营项目是：化妆品、护肤品、洗涤用品、酒店用品、办公用品 玩具、服装服饰、服装鞋帽、工艺礼品的技术开发与销售；电子产品、通信产品、计算机软硬件的技术开发；网页设计；网上销售数码产品；经营电子商务；商务信息咨询；投资咨询；国内贸易；从事货物及技术进出口业务。（法律、行政法规、国务院决定禁止的项目除外，限制的项目须取得许可后方可经营），许可经营项目是：
58Job,2021-08-10,1-49人,,江海区云商辽1212号商品信息咨询部,中冠益,邱安锋,2013-12-04,200万人民币,,,外贸业务员多名,5000,10000,5000-10000元/月,招5人,1-2年,大专,批发/零售+贸易/进出口+互联网/电子商务,深圳市光明区公明街道兴发路华发商业街C栋801,一般经营项目是：国内贸易；货物及技术的进出口。，许可经营项目是：硅橡胶制品、模具制造及销售。
58Job,2021-08-10,1-49人,,深圳市晟嵘科技有限公司,,李健英,2020-05-14,100万人民币,,,外贸专员,8000,12000,8000-12000元/月,招2人,经验不限,大专,家具灯饰+钢铁/机械/设备/重工,深圳宝安松岗大田洋田园路3号,一般经营项目是：发光二极管照明产品、LEDUV固化设备、紫外线消毒杀菌产品、冷却设备、机械设备、固化设备产品及配件、LED产品、LED灯具及其配件、散热器、光学产品、电子产品、塑胶制品、机电产品、环保产品、五金产品的研发及销售；货物及技术进出口。（法律、行政法规、国务院决定禁止的项目除外，限制的项目须取得许可后方可经营），许可经营项目是：发光二极管照明产品、LEDUV固化设备、紫外线消毒杀菌产品、冷却设备、机械设备、固化设备产品及配件、LED产品、LED灯具及其配件、散热器、光学产品、电子产品、塑胶制品、机电产品、环保产品、五金产品的生产。
58Job,2021-08-10,1-49人,,深圳市很扎实科技有限公司,联桥国际物流,韩秀英,2014-02-11,501万人民币,,,外贸专员,10000,20000,10000-20000元/月,招1人,经验不限,学历不限,贸易/进出口,深圳宝安坪洲华源科技创新园B3座433室,一般经营项目是：海上、陆路、航空国际货运代理；国内货运代理；物流方案设计；物流信息咨询；国内贸易；货物及技术进出口。（法律、行政法规、国务院决定规定在登记前须经批准的项目除外），许可经营项目是：无船承运业务。
58Job,2021-08-10,1-49人,,中联集团（吉林）教育科技有限公司,,DHEVENDRAN PRASANNA KUMAR,2021-02-03,50万人民币,,,外贸专员,5000,7000,5000-7000元/月,招若干人,经验不限,大专,其他行业,深圳市宝安区新桥街道上星社区新沙路151号星联大厦302,一般经营项目是：货物或技术进出口；依托第三方平台开展汽车（不含小轿车）、自行车、计算机软件及辅助设备、通讯设备、无线电及外部设备、网络游戏、多媒体产品的系统集成及无线数据产品（不含限制项目）、无线接入设备、GSM与CDMA无线直放站设备、仪器仪表、办公设备、厨房用品、卫生间用具、灯具、装饰品、家用电器、钟表、眼镜、箱、包、机械设备、五金产品、电子产品类、农业机械、汽车零配件、摩托车及其零配件、电力照明设备、电动机、初级农产品、服装、纺织品、针织品、日用百货、文化用品、体育用品、建材、首饰、工艺品（不含象牙及其制品）、玩具的销售。（以上均不涉及外商投资准入特别管理措施项目，限制的项目须取得许可后方可经营），许可经营项目是：无
58Job,2021-08-10,1-49人,,深圳保发纺织有限公司,保发纺织,沈巧璇,2015-05-19,50万人民币,,,外贸专员/助理,4500,6000,4500-6000元/月,招4人,经验不限,中专,贸易/进出口,广东省深圳市罗湖区集浩大厦B座1902,一般经营项目是：纺织品、服装的销售；国内贸易，从事货物及技术的进出口业务（法律、行政法规、国务院决定规定在登记前须经批准的项目除外）。，许可经营项目是：
58Job,2021-08-10,1-49人,,深圳市富瑞灵珂实业有限公司,富瑞灵珂,尹利民,2014-05-21,100万人民币,,,外贸业务员,5000,10000,5000-10000元/月,招5人,"1-2年,可接收应届生",本科,贸易/进出口,时代中心A座5楼5JG,一般经营项目是：硅胶制品、塑胶制品、成人玩具、计生用品、服装、电子烟、电子产品的技术开发、设计与销售；国内贸易；经营进出口业务。（以上项目法律、行政法规、国务院决定禁止的除外，限制的项目须取得许可后方可经营），许可经营项目是：
58Job,2021-08-10,1-49人,,深圳市富源欣科技发展有限公司,富源欣,史力,2005-09-29,50万人民币,,,外贸销售,5500,6000,5500-6000元/月,招6人,"经验不限,可接收应届生",本科,电子技术/半导体/集成电路+贸易/进出口,深圳布吉布沙路荔景大厦1803,一般经营项目是：电子产品、通讯设备、集成电路的购销；国内商业、物资供销业；（不含专营、专控、专卖商品） 软件的技术开发与销售；经济信息咨询。（不含限制项目），许可经营项目是：
58Job,2021-08-10,50-99人,,深圳市俊威净化科技有限公司,,邱梅燕,2021-07-05,500万人民币,,,阿里国际站外贸业务员,5000,8000,5000-8000元/月,招1人,经验不限,学历不限,其他行业,红星社区格布商业大厦3,一般经营项目是：家用电器销售；气体、液体分离及纯净设备销售；机械设备销售；电气设备销售；环境保护专用设备销售；电子产品销售；技术服务、技术开发、技术咨询、技术交流、技术转让、技术推广。（除依法须经批准的项目外，凭营业执照依法自主开展经营活动），许可经营项目是：货物进出口；技术进出口。（依法须经批准的项目，经相关部门批准后方可开展经营活动，具体经营项目以相关部门批准文件或许可证件为准）
58Job,2021-08-10,100-499人,,深圳市西沃智能科技有限公司,西沃智能,王乐林,2003-03-18,1288万人民币,,,高薪直招外贸业务员,,,薪资面议,招2人,经验不限,大专,钢铁/机械/设备/重工+电子技术/半导体/集成电路,深圳布吉布吉街道办布沙路231号西沃科技园3楼大门直走到底上3楼,一般经营项目是：智慧停车系统建设、运营、管理、维护服务及智慧停车管理、电子支付云平台系统软件的开发，经营电子商务；国外内贸易；货物及技术进出口；，许可经营项目是：智能停车场设备、智能通道闸设备、智能门禁考勤机设备、智能消费机设备、智能车位引导设备、楼宇对讲设备、摄像机、电子产品的技术开发、设计、生产加工及销售。
58Job,2021-08-10,1-49人,,深圳市合盛创杰科技有限公司,,林韩升,2020-07-13,100万人民币,,,外贸专员,5000,10000,5000-10000元/月,招若干人,经验不限,学历不限,批发/零售+原材料和加工,中心路同方中心1210,一般经营项目是：家用电器研发，家用电器销售、家用电器上门安装服务；家用电器零配件销售、照明器具销售、五金产品批发、五金产品零售、电子元器件批发、电力电子元器件销售、电子元器件零售、日用杂品销售、日用百货销售、化妆品批发、化妆品零售、厨具卫具及日用杂品批发、厨具卫具及日用杂品零售、建筑装饰材料销售塑料制品销售；电线、电缆销售；体育用品及器材批发、体育用品及器材零售；服装服饰批发，服装服饰零售、服装辅料销售、母婴用品销售、鞋帽批发、鞋帽零售、文具用品批发、文具用品零售、办公用品销售、纸制品销售；工艺美术品及收藏品批发与零售（象牙及其制品除外）；珠宝首饰批发、汽车零配件批发、汽车零配件零售、汽车装饰用品销售、珠宝首饰零售、产业用纺织制成品销售、家居用品销售，针纺织品及原料销售，箱包销售，机械设备销售；家具销售、家具零配件销售、眼镜销售（不含隐形眼镜）， 户外用品销售，卫生用品销售，钟表与计时仪器销售、日用口罩（非医用）销售、劳动保护用品销售、特种劳动防护用品销售、，一类医疗器械销售，二类医疗器械销售；国内贸易代理、进出口代理。（法律、行政法规、国务院决定禁止的项目除外，限制的项目须取得许可后方可经营），许可经营项目是：照明器具、五金产品、日用杂品、、塑料制品、体育用品、服装、服饰、文具制造；家具零配件生产；一次性使用医疗用品销售；医用口罩批发、医用口罩零售、医护人员防护用品批发、医护人员防护用品零售；化妆品生产。
,2021-08-10,100-499人,,杭州格物谷信息科技有限公司,格物谷,陈郡,2021-03-18,10万人民币,鞠女士,HR,西班牙语翻译,12000,20000,12-20K,-,1-3年,本科,互联网,深圳南山区华润置地大厦36,一般项目：技术服务、技术开发、技术咨询、技术交流、技术转让、技术推广；计算机系统服务；软件开发；软件销售；互联网数据服务；信息技术咨询服务；信息系统集成服务；信息咨询服务（不含许可类信息咨询服务）；社会经济咨询服务；企业管理咨询；市场营销策划；企业管理；电子产品销售；电子元器件批发；国内贸易代理（除依法须经批准的项目外，凭营业执照依法自主开展经营活动）。
58Job,2021-08-10,50-99人,,深圳市优艺硅橡胶制品有限公司,普华工艺品,,,""",",,,外贸业务员,5000,10000,5000-10000元/月,招2人,经验不限,学历不限,贸易/进出口+原材料和加工,沙浦围第二工业区18栋,""","
58Job,2021-08-10,1-49人,,深圳市乐祈环保科技有限公司,威世顿,张江泉,2013-07-09,1000万人民币,,,外贸助理/跟单业务+高提,6000,10000,6000-10000元/月,招2人,3-5年,大专,环保,坪地街道坪东社区富地岗第二工业区8号威世顿科技,一般经营项目是：投资兴办实业（具体项目另行申报）；国内贸易；货物及技术进出口；日用洗化产品的研发及销售； 工业产品设计；为酒店提供管理服务；广告代理；物业管理；经营电子商务；为连锁企业提供管理服务；净水器配件、净水器、净水机、空气净化器、破壁机及空气净化设备的技术开发；热泵的技术开发，销售；环保节能设备、电器、电子产品的研发、销售；房屋租赁服务；净水设备、清洗产品、清洗材料、电子产品、电子元件、线路板耗材、焊接材料、PCB材料的表面处理、技术开发与销售。，许可经营项目是：家电产品安装、维修；初级农副产品的销售。净水设备、净水器材、饮用水设备、家用电器的生产、技术开发与销售；服装、防护用品、劳保用品的生产、加工及销售；第二类医疗器械、机械设备、电子产品的生产及销售。
58Job,2021-08-10,1-49人,,待完善,沃格斯特科技,唐士英,2015-09-16,500万人民币,,,外贸业务员,,,薪资面议,招2人,经验不限,大专,金融/银行,深圳宝安福海街道天佑创客产业园F2栋501,一般经营项目是：经营电子商务（涉及前置行政许可的，须取得前置性行政许可文件后方可经营）；电子烟（不含烟草制品）、电子烟配件、电子产品的技术开发与销售；二类医疗器械的销售；劳保用品的销售；防护用品销售；国内贸易、货物及技术进出口。（法律、行政法规、国务院决定规定在登记前须经批准的项目除外），许可经营项目是：电子烟液的技术开发与销售。
58Job,2021-08-10,50-99人,,深圳市德瑞克尔智控技术有限公司,德瑞克尔智控技术,彭辉,2013-10-15,200万人民币,,,外贸业务员,8000,12000,8000-12000元/月,招1人,经验不限,学历不限,贸易/进出口,后亭新宝益工贸大厦1008室,一般经营项目是：智能家用电器及机器人的技术咨询、研发和销售；传感器、检测仪、电子电控产品、机电一体化产品、无线网络设备、LED产品、精密机械设备、消费电子产品、数码产品及其配件的研发和销售；激光应用技术、植物生长应用技术、机器视觉技术、多媒体音频视频技术的研发；植物种植的系统研发；软件开发、咨询等服务；物联网技术服务；集成电路设计服务；经营电子商务（涉及前置性行政许可的，须取得前置性行政许可文件后方可经营）；国内贸易，货物及技术进出口。（法律、行政法规、国务院决定禁止的项目除外，限制的项目须取得许可后方可经营）；汽车零部件及配件制造；汽车装饰用品制造；汽车零配件批发；汽车零配件零售；汽车装饰用品销售；汽车零部件研发；摩托车零配件制造；摩托车及零配件批发；摩托车及零配件零售；摩托车零部件研发；自行车制造；自行车及零配件批发；自行车及零配件零售；电动自行车销售；计算机软硬件及外围设备制造；电子产品销售；云计算设备销售；网络设备销售；软件销售；机械零件、零部件销售；家用电器销售；日用百货销售；日用品销售；日用家电零售；个人卫生用品销售；化妆品批发；化妆品零售；针纺织品销售；针纺织品及原料销售；服装服饰批发；服装服饰零售；鞋帽批发；鞋帽零售；日用品批发；劳动保护用品销售；箱包销售；钟表销售；日用杂品销售；非金属矿及制品销售；金属材料销售；金属矿石销售；新型金属功能材料销售；高品质特种钢铁材料销售；金属工具销售；建筑材料销售；建筑装饰材料销售；铸造用造型材料销售；合成材料销售；轻质建筑材料销售；建筑砌块销售；建筑防水卷材产品销售；建筑陶瓷制品销售；砖瓦销售；石棉制品销售；石棉水泥制品销售；石灰和石膏销售；耐火材料销售；医护人员防护用品零售；医护人员防护用品批发；特种劳动防护用品销售；第二类医疗器械零售； ，许可经营项目是：智能家用电器及机器人的生产；传感器、检测仪、电子电控产品、机电一体化产品、无线网络设备、LED产品、植物灯、精密机械设备、消费电子产品、数码产品及其配件的生产。防护服、护目镜、消毒液、医用外科口罩、一次性医用口罩、传感器、额温枪的销售；二类医疗器械的销售；
58Job,2021-08-10,1-49人,,深圳市启航文化娱乐管理有限公司,深圳运宝智能电器,严剑锋,2021-01-14,520万人民币,,,外贸业务员,5000,10000,5000-10000元/月,招5人,经验不限,大专,贸易/进出口+其他行业,深圳宝安福海街道新和社区福园一路35号天瑞工业区A5栋601室,一般经营项目是：家用电器、电子产品及配件、电动工具及配件、办公用品、五金用品的研发、批发、零售、网上销售和技术服务；货物和技术的进出口业务。（法律、行政法规、国务院决定禁止的项目除外，限制的项目须取得许可后方可经营），许可经营项目是：家用电器、电子产品及配件、电动工具及配件、办公用品、五金用品的制造、加工。
58Job,2021-08-10,1-49人,,深圳市礼遇佳尚贸易有限公司,凯,王清华,2016-06-17,100万人民币,,,外贸助理,5000,10000,5000-10000元/月,招2人,经验不限,大专,贸易/进出口,深圳龙岗区碧新路2095号世宏大厦1508,一般经营项目是：电子产品、安防产品、数码产品、通讯产品、智能家居产品的技术开发与销售；计算机软硬件的研发及销售；国内贸易；货物及技术进出口。（法律、行政法规、国务院决定规定在登记前须经批准的项目除外），许可经营项目是：
58Job,2021-08-10,100-499人,,深圳索瑞德电子有限公司,深圳索瑞德电子,陈伟寰,2006-07-03,5010万人民币,,,外贸跟单,4500,6500,4500-6500元/月,招2人,1年以下,大专,电子技术/半导体/集成电路,深圳市宝安区松岗街道潭头西部工业区B22栋,一般经营项目是：电子产品、电子元器件、电源设备、机房系统设备、环保节能设备、智能电器、手携式充电器、充电桩、UPS不间断电源、模块化UPS、电力/通信/铁路电源设备、地铁屏蔽门电源系统、EPS消防应急电源、高压直流远供、直流电源系统及核心部件、稳压电源、光伏逆变器、精密空调、动环监控、高低压成套设备、交直流一体化系统、精密配电系统、户外一体柜、电力励磁设备、电力谐波治理装置、APF有源滤波器、SVG静止无功发生器、户外柱上SVG、高压直流的销售；UPS不间断电源、计算机软件技术开发；货物及技术进出口，租赁（不含法律、行政法规、国务院规定禁止及决定需前置审批的项目）。，许可经营项目是：电子产品、电子元器件、电源设备、机房系统设备、环保节能设备、智能电器、手携式充电器、充电桩、UPS不间断电源、模块化UPS、电力/通信/铁路电源设备、地铁屏蔽门电源系统、EPS消防应急电源、高压直流远供、直流电源系统及核心部件、稳压电源、光伏逆变器、精密空调、动环监控、高低压成套设备、交直流一体化系统、精密配电系统、户外一体柜、电力励磁设备、电力谐波治理装置、APF有源滤波器、SVG静止无功发生器、户外柱上SVG、高压直流的生产。
58Job,2021-08-10,1-49人,,深圳市六大州电子有限公司,六大州,沈祥兴,2013-10-09,50万人民币,,,外贸专员/助理,4000,8000,4000-8000元/月,招5人,经验不限,学历不限,互联网/电子商务+计算机硬件,深圳福田华强北赛格电子市场,一般经营项目是：电子产品的技术开发与销售，国内贸易，货物进出口。，许可经营项目是：
58Job,2021-08-10,1-49人,,深圳市承高达电子科技有限公司,承高达电子科技,刘先鑫,2013-09-09,580万人民币,,,外贸专员,4000,7000,4000-7000元/月,招若干人,经验不限,大专,其他行业,广东省深圳市龙华区大浪石凹新岭路83号,一般经营项目是：二类医疗器械产品的研发及销售；电脑散热器、风机、鼓风机、散热风扇、电子产品、电子元件、电脑周边零配件、通讯设备、电脑连接线、五金配件、电源适配器、电子设备、电容器、电机、移动电源、标签的研发、设计及销售，国内贸易，货物及技术进出口。（法律、行政法规 、国务院决定规定在登记前须批准的项目除外），许可经营项目是：电脑散热器、风机、鼓风机、散热风扇、电子产品、电子元件、电脑周边零配件、通讯设备、电脑连接线、五金配件、电源适配器、电子设备、电容器、电机、移动电源、标签的生产。
58Job,2021-08-10,50-99人,,深圳市爱夫卡科技股份有限公司,科颖电脑科技,周水盛,2013-06-26,50万人民币,,,外贸专员/助理,4000,7000,4000-7000元/月,招若干人,1-2年,大专,计算机硬件,龙华东环一路南方明珠商业城,一般经营项目是：电子产品的销售；国内贸易。，许可经营项目是：
58Job,2021-08-10,1-49人,,深圳市磊通科技有限公司,磊通科技,王强,2009-06-16,600万人民币,,,外贸业务员（英语）,6000,12000,6000-12000元/月,招3人,经验不限,本科,通信/电信,深圳南山西丽鼎新大厦,一般经营项目是：纤收发器、光端机、光模块、光纤跳线、光纤分路器的技术开发及销售；计算机网络设备、光电子产品的技术开发与销售；国内贸易（法律、行政法规、国务院决定规定在登记前须经批准的项目除外）；经营进出口业务（法律、行政法规、国务院决定禁止的项目除外，限制的项目须取得许可后方可经营）。，许可经营项目是：纤收发器、光端机、光模块、光纤跳线、光纤分路器的生产，二类医疗器械销售。
58Job,2021-08-10,1-49人,,深圳市龙岗区锋哥电子烟具专卖店,鑫好环保包装材料,雷春梅,2020-09-03,300万人民币,,,外贸业务员,5000,10000,5000-10000元/月,招10人,"1-2年,可接收应届生",高中,贸易/进出口+批发/零售+出版/印刷/造纸,深圳龙岗平湖富安大道亚纲1号9楼916室,一般经营项目是：纺织品、机械设备的销售；国内贸易；货物及技术的进出口。，许可经营项目是：各种环保包装材料、包装用纸制品、办公用品、工艺品、电子产品、金属制品、包装材料、礼品盒、塑料制品、橡胶制品、硅胶制品的生产及销售。
58Job,2021-08-10,1-49人,,深圳市勇控科技有限公司,勇控科技,邓勇,2010-09-10,500万人民币,,,外贸专员,,,薪资面议,招2人,3-5年,大专,原材料和加工+钢铁/机械/设备/重工,广东省深圳市龙华区大浪工业园荣鸿泰工业园,一般经营项目是：治具、夹具、通讯设备、机电设备的技术开发和销售；国内贸易，货物及技术进出口。(法律、行政法规或者国务院决定禁止和规定在登记前须经批准的项目除外)，许可经营项目是：治具、夹具、通讯设备、机电设备的生产。
58Job,2021-08-10,1-49人,,深圳市尚品优选贸易有限公司,深圳叁棵树电子科技,杨丽君,2018-06-05,500万人民币,,,外贸业务员,,,薪资面议,招1人,3-5年,大专,贸易/进出口,深圳龙华金河田商务中心K307,一般经营项目是：电子产品及周边产品、电子元器件、电线电缆、电动工具、家用电器、机电设备、通讯设备、照相器材、健身器材、音响设备、计算机软硬件、计算机周边设备、耳机、音响、手机、手机配件、服装、化妆品、鞋帽、背包、仪器仪表、电脑及配件、文体用品、日用百货、包装材料、办公设备、环保设备、节能产品、LED灯具、芯片、五金制品、灯具、模具、钣金的技术开发及销售；高科技环保产品的技术开发及销售；国内贸易；经营进出口业务。（依法须经批准的项目，经相关部门批准后方可开展经营活动），许可经营项目是：
58Job,2021-08-10,1-49人,,深圳市星磊科技有限公司,岱峰,魏南锋,2010-06-07,50万人民币,,,外贸专员/助理,5000,10000,5000-10000元/月,招4人,"1-2年,可接收应届生",大专,互联网/电子商务,深圳市光明新区公明办事处李松蓢社区屋园路120号,一般经营项目是：通讯设备的研发与销售，电子产品的销售及其它国内贸易（不含专营、专控、专卖商品）；货物及技术进出口业务（法律、行政法规、国务院决定禁止的项目除外，限制的项目须取得许可后方可经营）。，许可经营项目是：
58Job,2021-08-10,1-49人,,深圳市爱斯澳商贸有限公司,爱斯澳商贸,吴媛,2016-12-16,200万人民币,,,10K招外贸运营业务员,6000,12000,6000-12000元/月,招15人,"经验不限,可接收应届生",大专,批发/零售+贸易/进出口,广东省深圳市坪山区排坊路18号,一般经营项目是：经营电子商务，国内外贸易，货物及技术进出口。（法律、行政法规、国务院决定禁止的项目除外）。5193；互联网批发；美发饰品销售；成人情趣用品销售（不含药品、医疗器械）；家用电器销售；日用杂品销售；母婴用品销售；玩具、动漫及游艺用品销售；日用口罩（非医用）销售；劳动保护用品销售；工艺美术品及礼仪用品销售（象牙及其制品除外）；机械设备销售；办公设备销售；电子产品销售；第一类医疗器械销售。（除依法须经批准的项目外，凭营业执照依法自主开展经营活动），许可经营项目是：第二类医疗器械销售。（依法须经批准的项目，经相关部门批准后方可开展经营活动，具体经营项目以相关部门批准文件或许可证件为准）
58Job,2021-08-10,1-49人,,东莞市途宙鞋业有限公司,望京,杨俊军,2019-08-30,1000万人民币,,,外贸业务员(深圳办公),6000,10000,6000-10000元/月,招5人,1年以下,学历不限,出版/印刷/造纸,上村社区水荫路泛懋工业区厂房1栋,销售：扑克牌、卡牌；产销：纸制品；包装装潢印刷品印刷、其他印刷品印刷；电子商务信息咨询；货物或技术进出口（国家禁止或涉及行政审批的货物和技术进出口除外）。(依法须经批准的项目，经相关部门批准后方可开展经营活动)〓
58Job,2021-08-10,1-49人,,巨太（深圳）科技有限公司,特普威尔电子,李民英,2011-12-26,10万人民币,,,外贸业务员,,,薪资面议,招10人,"经验不限,可接收应届生",大专,电子技术/半导体/集成电路,深圳龙岗龙岗中心城龙城广场地铁站旁边向新路1号臻彦工业园8栋,一般经营项目是：电子产品的技术开发与销售；国内贸易，货物及技术进出口。(法律、行政法规、国务院决定规定在登记前须经批准的项目除外）。，许可经营项目是：
58Job,2021-08-10,1-49人,,乐平市洁净漂白土有限公司,格瑞特礼品,,,""",",,,外贸专员,5000,10000,5000-10000元/月,招若干,3-5年,本科,贸易/进出口,广东省深圳市宝安38区龙井一路华创达前海创新基地A1栋706室,""","
58Job,2021-08-10,1-49人,,深圳市鸿茂兴科技有限公司,,叶佛娇,2015-09-22,50万人民币,,,外贸员,5000,10000,5000-10000元/月,招2人,"经验不限,可接收应届生",中专,钢铁/机械/设备/重工,沙井同方中心大厦,一般经营项目是：五金产品、五金模具的技术开发及销售；检具、治具、夹具的技术开发及销售；国内贸易（不含专营、专控、专卖商品）；经营进出口业务。（法律、行政法规、国务院决定禁止的项目除外，限制的项目须取得许可后方可经营），许可经营项目是：无
58Job,2021-08-10,1-49人,,深圳市迈捷自动化设备有限公司,迈捷,梁荣本,2014-08-20,200万人民币,,,外贸业务员,4000,8000,4000-8000元/月,招5人,"1-2年,可接收应届生",大专,仪器仪表/工业自动化,深圳宝安松岗沙浦围第二工业区34栋2楼,一般经营项目是：电子设备及周边产品的设计与销售。（法律、行政法规、国务院决定禁止的项目除外，限制的项目须取得许可后方可经营），许可经营项目是：电子设备及周边产品的生产。
58Job,2021-08-10,1-49人,,深圳逹伦科技有限公司,逹伦科技,张越美,2013-12-05,500万人民币,,,外贸业务员,5000,8000,5000-8000元/月,招5人,"经验不限,可接收应届生",大专,贸易/进出口+互联网/电子商务+批发/零售,深圳龙岗区坂田五和地铁站B出口恒新楼103商铺,一般经营项目是：电子产品的研发、设计、销售；国内贸易、货物及技术进出口。，许可经营项目是：
58Job,2021-08-10,50-99人,,深圳市安奇顺科技有限公司,安奇顺,曾峰,2005-11-24,50万人民币,,,外贸业务员,,,薪资面议,招2人,"经验不限,可接收应届生",大专,电子技术/半导体/集成电路,横岗街道龙岗大道5008号港信达横岗大厦1207,一般经营项目是：电子产品的技术开发与销售（不含限制项目）；货物进出口、技术进出口（法律、行政法规禁止的项目除外；法律、行政法规限制的项目须取得许可后方可经营）。，许可经营项目是：
58Job,2021-08-10,100-499人,,深圳市特别特电子商务有限公司,杰明朗,蔡清通,2013-04-16,800万人民币,,,流行饰品外贸专员,4000,8000,4000-8000元/月,招4人,经验不限,大专,贸易/进出口+家居/室内设计/装潢,多彩科技园中荷国际创新中心,一般经营项目是：半导体照明、电子产品、五金器件、货架、铝基板、环保科技产品的设计研发与销售；国内贸易；货物及技术进出口。（法律、行政法规、国务院决定禁止的项目除外，限制的项目须取得许可后方可经营），许可经营项目是：半导体照明、电子产品、五金器件、货架、铝基板、环保科技产品的生产，口罩、额温枪、第二类医疗器械的销售。
58Job,2021-08-10,1-49人,,深圳市特别特电子商务有限公司,特别特,周晓辉,2014-11-12,100万人民币,,,外贸业务员,,,薪资面议,招2人,"经验不限,可接收应届生",大专,贸易/进出口+互联网/电子商务+批发/零售,深圳宝安区沙井街道马安山鞍胜路25号C栋4楼,一般经营项目是：网上销售电子产品、童装、女装、男装、帽子、袜子、箱包、手机配件；经营电子商务（涉及前置行政许可的，须取得前置性行政许可文件后方可经营）；国内贸易、货物及技术进出口。（法律、行政法规或者国务院决定禁止和规定在登记前须经批准的项目除外），许可经营项目是：
58Job,2021-08-10,1-49人,,厦门瑞鸿信科技有限公司,三笠恒盈,陈泽龙,2011-06-08,2000万人民币,,,外贸助理,4500,8000,4500-8000元/月,招3人,"经验不限,可接收应届生",大专,电子技术/半导体/集成电路,深圳龙岗爱联龙城街道黄阁坑社区留学人员龙岗创业园236,一般经营项目是：LED电子显示屏、舞台灯光音响及影音设备系统工程及机电设备的研发、销售与咨询服务；国内贸易，货物及技术贸易进出口；计算机硬件、计算机信息技术、网络通信和其他电子设备领域的技术研发，技术转让，销售；计算机应用软件的设计开发，软件销售；信息技术咨询服务；信息系统集成；，许可经营项目是：LED电子显示屏设计研发、制造；钢结构工程安装、施工。
58Job,2021-08-10,100-499人,,深圳市硕丞实业发展有限公司,硕丞实业,蒋其国,2000-10-23,2080万人民币,,,外贸业务员,8000,10000,8000-10000元/月,招3人,1-2年,大专,电子技术/半导体/集成电路,深圳宝安福永福安工业城一期六栋大洋路99号,一般经营项目是：兴办实业（具体项目另行申报）；计算机板卡、非插入式超声波液位仪的销售；电子产品的技术开发与销售；国内贸易。（法律、行政法规或者国务院决定禁止和规定在登记前须经批准的项目除外），许可经营项目是：计算机板卡、非插入式超声波液位仪、电子产品的生产。
58Job,2021-08-10,1-49人,,深圳市洛沃克科技有限公司,洛沃克,吴淑春,2016-10-26,1000万人民币,,,招聘外贸跟单,5000,7000,5000-7000元/月,招3人,1-2年,学历不限,互联网/电子商务,深圳市龙岗区坂田上雪科技园北区二号E栋4楼,一般经营项目是：电子产品销售；家用电器研发；家用电器销售；机械设备研发；机械设备销售；智能车载设备销售；日用品销售；国内贸易代理。（除依法须经批准的项目外，凭营业执照依法自主开展经营活动），许可经营项目是：家用电器制造；智能车载设备制造；汽车零部件及配件制造；电力电子元器件制造；电子专用设备制造；金属制日用品制造；货物进出口；技术进出口。（依法须经批准的项目，经相关部门批准后方可开展经营活动，具体经营项目以相关部门批准文件或许可证件为准）
58Job,2021-08-10,1-49人,,深圳市恒讯通达科技有限公司,恒讯通达,章建国,2004-04-26,50万人民币,,,外贸专员/助理,3000,5000,3000-5000元/月,招若干人,经验不限,学历不限,互联网/电子商务+IT服务/系统集成,深圳坪山新区坑梓沙田新康二路20号厂房3楼,一般经营项目是：监视器、视频广告机、电脑周边产品、随身听产品、电子产品、网络通讯产品的技术开发、生产与销售（安全技术防范产品须取得公安机关审批后方可经营）；国内贸易、货物及技术进出口（法律、行政法规、国务院决定规定在登记前须经批准的项目除外）。，许可经营项目是：
58Job,2021-08-10,1-49人,,深圳市欣烁科技有限公司,,张翠,2019-04-29,50万人民币,,,外贸业务员,5000,8000,5000-8000元/月,招2人,"经验不限,可接收应届生",大专,电子技术/半导体/集成电路,广东省深圳市宝安区将石路东宝工业区,"一般经营项目是：从事灯饰产品领域内的技术开发、技术咨询、技术转让、技术服务；灯饰LED水底灯、LED背光灯条、LED植物灯、壁灯、电子节能灯的批发及零售；经营电子商务；国内贸易，货物及技术进出口业务(不含限制项目)。(法律、行政法规、国务院决定禁止的项目除外,限制的项目须取得许可后方可经营)，许可经营项目是："
58Job,2021-08-10,1-49人,,深圳市品奔科技有限公司,康福特,王联盛,2010-04-30,100万人民币,,,外贸业务员,,,薪资面议,招5人,1年以下,大专,电子技术/半导体/集成电路+贸易/进出口,广东省深圳市龙岗区新河路109号4栋,一般经营项目是：从事货物及技术进出口。，许可经营项目是：塑胶产品、电子产品的技术开发、设计、生产加工与销售。
58Job,2021-08-10,1-49人,,索罗图（深圳）包装制品有限公司,索罗图,申孔,2016-03-21,100万人民币,,,外贸业务员电子雾化器,,,薪资面议,招3人,1-2年,本科,批发/零售+出版/印刷/造纸+贸易/进出口,深圳宝安松岗杰昌商务大厦,一般经营项目是：包装材料、标签的销售。，许可经营项目是：书籍的销售；文化用品、学习用品的生产、销售；电子产品、包装材料的加工。
58Job,2021-08-10,1-49人,,中联集团（吉林）教育科技有限公司,,陈燕海,2016-06-22,100万人民币,,,外贸业务员,,,薪资面议,招5人,6-7年,大专,其他行业,深圳宝安沙井新沙路鑫鑫田工业园2栋厂房5层,一般经营项目是：电暖器、直发器、卷发器、吹风筒、直发梳、剃毛器、剃须刀、电推子、家用电器产品、电子产品、电子元器件及组件销售;塑胶制品、五金制品、模具的销售；文化活动策划（不含经营卡拉OK、歌舞厅）、展览展示策划；工艺品（象牙及其制品除外）、文体用品的设计与销售；货物及技术进出口。（法律、行政法规、国务院决定禁止的项目除外，限制的项目须取得许可后方可经营）。，许可经营项目是：电暖器、直发器、卷发器、吹风筒、直发梳、剃毛器、剃须刀、电推子、家用电器产品、电子产品、电子元器件及组件的生产。
58Job,2021-08-10,1-49人,,深圳市杜科实业有限公司,杜科实业,王利聪,2016-12-16,50万人民币,,,沙井急聘外贸专员,5500,11000,5500-11000元/月,招3人,3-5年,大专,贸易/进出口+陶瓷卫浴+批发/零售,深圳宝安沙井步涌大润科技大厦8411,一般经营项目是：经营电子商务（涉及前置性行政许可的，须取得前置性行政许可文件后方可经营）；家居用品、水暖卫浴、五金制品、家居建材产品、五金工具、电子产品、家电用品、休闲运动产品、景观工艺品、计算机数码产品及其周边配件的研发与销售；陶瓷制品、机电设备及配件、机械产品、电工器材、塑胶产品的设计与销售；日用口罩、医用口罩、医用酒精、防护镜、防护服、橡胶手套、体温计、额温枪、消毒液、喷雾器具、洗手液的销售；二类医疗器械的销售；经济信息咨询（不含信托、证券、期货、保险及它金融业务）；国内贸易，货物及货物进出口。(法律、行政法规、国务院决定规定在登记前须经批准的项目除外），许可经营项目是：
58Job,2021-08-10,100-499人,,深圳市粤领酒业销售有限公司,真宝纸业,黄真珠,2007-03-19,566万人民币,,,外贸经理,,,薪资面议,招若干人,3-5年,本科,批发/零售,深峰路深华街1号林展财富大厦,卫生用品类、纸制品加工、销售。（依法须经批准的项目，经相关部门批准后方可开展经营活动）
58Job,2021-08-10,1-49人,,鑫硕泰（深圳）科技有限公司,彩澜,张春艳,2012-10-16,50万人民币,,,高薪双休外贸文员助理,5000,8000,5000-8000元/月,招1人,1-2年,大专,贸易/进出口,新桂园A5栋四楼,一般经营项目是：投资兴办实业（具体项目另行申报）；日用产品、文具、礼品、皮具制品、服装、电子产品、电子元器件、包装印刷材料、纸制品、塑胶制品、数码产品、包装材料、仪器仪表、电脑周边产品的技术开发与销售；网页设计；从事广告业务；经营电子商务；二类医疗器械的经营销售；国内贸易；货物及技术进出口。（法律、行政法规、国务院决定规定在登记前须批准的项目除外），许可经营项目是：
58Job,2021-08-10,50-99人,,深圳市金色都汇保健按摩中心,金色都汇,申泽克,2009-04-28,100万人民币,,,外贸经理,,,薪资面议,招若干人,经验不限,学历不限,娱乐休闲/餐饮/服务,广东省深圳市坪山区坑梓街道龙田龙兴南路55号,一般经营项目是：无。，许可经营项目是：保健按摩、足部保健服务、提供棋牌服务（不含法律法规、国务院决定规定须事先取得行政许可的项目）。酒水、饮料、饮品、预包装食品零售。提供卡拉OK服务，沐足服务。
58Job,2021-08-10,1-49人,,深圳市群星浩达科技有限公司,群星浩达,何星桥,2012-07-09,1030万人民币,,,外贸专员/助理,5000,10000,5000-10000元/月,招若干人,1-2年,大专,电子技术/半导体/集成电路,深圳宝安石岩上排工业区A栋在3楼,一般经营项目是：LED二极管、LED显示屏、LED照明灯、LED亮化产品的技术开发与销售；电子周边产品、工艺品的销售；国内贸易；货物及技术进出口。（法律、行政法规、国务院决定规定在登记前须经批准的项目除外），许可经营项目是：LED显示器的生产与加工。
58Job,2021-08-10,1-49人,,深圳市金业万邦实业有限公司,金业万邦实业,罗战,2004-05-12,1000万人民币,,,外贸业务员,,,薪资面议,招2人,经验不限,学历不限,贸易/进出口+陶瓷卫浴,深圳福田车公庙泰然六路海松大厦A座907,一般经营项目是：兴办实业（具体项目另行申报）；国内贸易；进出口业务；信息咨询（咨询不含证券、保险、基金、金融业务、人才中介服务及其它限制项目），陶瓷产品技术开发。（法律、行政法规、国务院决定禁止的项目除外，限制的项目须取得许可后方可经营），许可经营项目是：
58Job,2021-08-10,50-99人,,广州青翼技术服务有限公司,青翼技术,方晓珊,2017-11-22,100万人民币,,,外贸专员+奖金,4000,6000,4000-6000元/月,招3人,"经验不限,可接收应届生",高中,其他行业,深圳市龙华区龙华街道清泉路创铭大厦,工程和技术研究和试验发展;技术服务、技术开发、技术咨询、技术交流、技术转让、技术推广;信息技术咨询服务;信息系统集成服务;数据处理和存储支持服务;国内贸易代理;互联网销售（除销售需要许可的商品）;广告设计、代理;广告制作;平面设计;工程技术服务（规划管理、勘察、设计、监理除外）;动漫游戏开发;日用百货销售;餐饮管理;电子产品销售;
58Job,2021-08-10,100-499人,,深圳市海怡飞净水科技有限公司,澳特莱恩,陈洪,2010-06-26,100万人民币,,,外贸跟单,,,薪资面议,招1人,1-2年,大专,耐用消费品(家具/家电等),深圳市龙岗区坪地街道六联社区罗屋街18号,一般经营项目是：家用电器和电子产品的设计、研发、生产加工和销售；投资兴办实业（具体项目另行申报）；国内贸易；货物及技术进出口。（以上项目法律、行政法规禁止的除外，法律、行政法规限制的须取得许可后方可经营），许可经营项目是：
58Job,2021-08-10,100-499人,,深圳市特别特电子商务有限公司,美创,黄锦文,1995-01-19,150万人民币,,,外贸经理/主管,5000,8000,5000-8000元/月,招若干人,经验不限,学历不限,贸易/进出口+批发/零售+仪器仪表/工业自动化,布吉镇南湾街道上李朗工业区方鑫路16号,一般经营项目是：销售仪器仪表、电子元器件、五金交电、办公自动化设备、电子产品；提供电子产品上门维修；电子科技信息咨询；化工产品（不含危险品）销售，国内贸易（不含专营、专控、专卖商品）；经营进出口业务（法律、行政法规、国务院决定禁止的项目除外，限制的项目须取得许可后方可经营）。，许可经营项目是：仪器仪表的生产。
58Job,2021-08-10,1-49人,,深圳市科莱达环保设备有限公司,思玛泰克科技,徐有旺,2008-02-25,800万人民币,,,外贸业务员,6000,12000,6000-12000元/月,招10人,"经验不限,可接收应届生",大专,原材料和加工+能源(电力/水利/矿产)+贸易/进出口,华强创意产业园3A座1401,一般经营项目是：保护板、开关电源、充电器、电池、锂电池、锂离子电池组、磷酸铁锂电池组、电池模组管理系统、后备电源、逆变器、汽车启动电源（以上项目不含危险化学品）电池保护板的研发与销售、电子连接器、连接线、塑胶制品、塑胶模具、五金配件、户外用品、太阳能产品、灯具照明产品、智能家居产品销售；国内贸易；货物或技术进出口；(法律、行政法规或者国务院决定禁止和规定在登记前须经批准的项目除外）。，许可经营项目是：
58Job,2021-08-10,50-99人,,深圳市弘达通机电设备有限公司,山姆仕,冯荣焕,2005-07-08,100万港元,,,外贸专员/助理,6000,10000,6000-10000元/月,招2人,1-2年,大专,仪器仪表/工业自动化,深圳宝安区松岗塘下涌第二工业区物园路6号A栋,一般经营项目是：，许可经营项目是：研发、组装生产投影仪、屏幕、幻灯机、液晶投影机、电子产品配件、销售自产产品、从事货物及技术进出口（不含分销）。
58Job,2021-08-10,1-49人,,深圳市同进手袋制品礼品有限公司,好来邦,阳妮乐,2014-03-10,100万人民币,,,急招外贸业务员接收应届生,4000,8000,4000-8000元/月,招5人,"经验不限,可接收应届生",大专,贸易/进出口+服装/纺织/皮革+通信/电信,武汉大学平湖产学研基地3楼315室,一般经营项目是：国内贸易；货物及技术进出口。，许可经营项目是：电子产品、安防产品、五金产品、服装产品的生产加工与销售。
58Job,2021-08-10,50-99人,,深圳市城光科技有限公司,光科技,谈小塘,2017-05-15,5000万人民币,,,外贸销售业务员,8000,10000,8000-10000元/月,招4人,经验不限,学历不限,互联网/电子商务+家具灯饰+电子技术/半导体/集成电路,石岩街道北环路华丰圳宝LED产业园6栋2楼,一般经营项目是：灯饰、照明产品、灯具配件、LED照明灯饰、电子产品、数码产品的技术开发、销售；国内贸易，货物及技术进出口。（法律、行政法规或者国务院决定禁止和规定在登记前须经批准的项目除外），许可经营项目是：灯饰、照明产品、灯具配件、LED照明灯饰、电子产品、数码产品的生产。
58Job,2021-08-10,1-49人,,深圳市同进手袋制品礼品有限公司,同进手袋,龚小龙,2014-07-03,50万人民币,,,外贸业务员（大小周）,5000,10000,5000-10000元/月,招1人,1-2年,大专,服装/纺织/皮革+原材料和加工+其他行业,深圳龙岗平湖新南村鸿国祥工作区F栋2楼,一般经营项目是：国内贸易；货物及技术进出口。(法律、行政法规、国务院决定规定在经营前须经批准的项目除外），许可经营项目是：尼龙袋、时款袋、箱包、手袋、背包、电脑包、化妆包、银包、服装服饰、毛绒玩具、皮具、工艺礼品、家纺用品、鞋帽的研发、加工、制造、生产与销售。
58Job,2021-08-10,1-49人,,深圳康琪乐贸易有限公司,海富安科技,兰光茂,2020-04-23,50万人民币,,,外贸业务助理/跟单,4000,8000,4000-8000元/月,招3人,经验不限,大专,贸易/进出口,金积嘉路尚鼎豪岗宏工业区1栋,一般经营项目是：电子产品、智能化设备、计算机软硬件、电子元器件的技术开发及销售；国内贸易；经营进出口业务；经营电子商务；投资兴办实业（具体项目另行申报）；经济及贸易信息咨询、企业管理咨询、商务信息咨询。（法律、行政法规、国务院决定禁止的项目除外，限制的项目须取得许可后方可经营），许可经营项目是：
58Job,2021-08-10,1-49人,,深圳市尼可达实业有限公司,尼可达,李静,2016-04-28,50万人民币,,,外贸助理,,,薪资面议,招4人,"经验不限,可接收应届生",大专,贸易/进出口,深圳龙华新区观澜桂花新村桂花路160号19栋,一般经营项目是：船舶配件、照明设备、机械设备、橡塑制品、玩具、环保材料、包装材料、音响设备、化妆品、工艺礼品、电子产品、仪器仪表、纺织品、服装服饰、汽摩配件、日用百货、茶具的批发与销售；文化活动策划；物业管理；投资咨询（根据法律、行政法规、国务院决定等规定需要审批的，依法取得相关审批文件后方可经营）；商务咨询；翻译服务；投资兴办实业（具体项目另行申报）；国内贸易；经营电子商务；货物及技术进出口。（法律、行政法规、国务院决定禁止的项目除外，限制的项目须取得许可后方可经营），许可经营项目是：预包装食品、烟、酒、茶叶的批发与销售。
58Job,2021-08-10,1-49人,,展辰新材料集团股份有限公司,鸿诚兴,汤军,2013-10-15,500万人民币,,,外贸经理,5000,10000,5000-10000元/月,招若干人,3-5年,本科,化工/采掘/冶炼,深圳光明光明办事处新陂头南8号,一般经营项目是：国内贸易，货物及技术进出口，许可经营项目是：海绵口罩、海绵材料、泡棉材料、木浆棉、电子海绵包装材料的生产及研发与销售；一次性口罩、一次性用品、KN95口罩、防护服、隔离服的销售；胶带、PE袋、纸卡、彩盒、纸箱、双面胶的生产与销售；
58Job,2021-08-10,1-49人,,深圳市正芯城电子科技有限公司,,欧佳鑫,2013-09-17,100万人民币,,,外贸业务员,8000,15000,8000-15000元/月,招10人,经验不限,大专,贸易/进出口+电子技术/半导体/集成电路,鼎城大厦1219,一般经营项目是：电子元器件、集成电路、电容电阻、二三极管、模块、连接器、手机周边配件、移动电源的技术开发及销售；经营进出口业务；国内贸易。（法律、行政法规、国务院决定禁止的项目除外，限制的项目须取得许可后方可经营），许可经营项目是：
58Job,2021-08-10,50-99人,,普华工艺品有限公司,普华工艺品,,,""",",,,外贸经理,4000,8000,4000-8000元/月,招2人,"经验不限,可接收应届生",学历不限,贸易/进出口+原材料和加工,沙浦围第二工业区18栋,""","
58Job,2021-08-10,50-99人,,深圳兆信企业顾问有限公司,深圳兆信企业顾问,程义荣,2005-01-25,500万人民币,,,外贸业务,6000,10000,6000-10000元/月,招2人,1-2年,大专,媒体传播,深圳市宝安区新安街道海华社区兴业华庭二楼,"一般经营项目是：企业管理咨询、企业投资咨询、企业形象策划（以上不含限制项目）,投资咨询，教育咨询，经营电子商务，国内贸易，货物和技术进出口。（法律、行政法规、国务院决定禁止的项目除外，限制的项目须取得许可后方可经营），许可经营项目是："
58Job,2021-08-10,1-49人,,深圳市凯安泰科技有限公司,凯,王清华,2016-06-17,100万人民币,,,外贸业务员,6000,12000,6000-12000元/月,招3人,1-2年,大专,贸易/进出口,深圳龙岗南联碧新路2095号世宏大厦1508,一般经营项目是：电子产品、安防产品、数码产品、通讯产品、智能家居产品的技术开发与销售；计算机软硬件的研发及销售；国内贸易；货物及技术进出口。（法律、行政法规、国务院决定规定在登记前须经批准的项目除外），许可经营项目是：
58Job,2021-08-10,50-99人,,深圳市千周电子技术有限公司,千周电子技术,刘阁,2006-07-19,200万人民币,,,外贸专员,4000,8000,4000-8000元/月,招1人,1-2年,中专,广告/创意,深圳龙岗区圆山街道西坑社区凤凰路1号,一般经营项目是：国内贸易（不含专营、专控、专卖商品）。，许可经营项目是：舞台音响、灯光、设备的生产加工与销售（不含限制项目）。
58Job,2021-08-10,1-49人,,鑫硕泰（深圳）科技有限公司,彩澜,张春艳,2012-10-16,50万人民币,,,双休外贸助理跟到文员,5000,8000,5000-8000元/月,招1人,1-2年,大专,贸易/进出口,新桂园A5栋四楼,一般经营项目是：投资兴办实业（具体项目另行申报）；日用产品、文具、礼品、皮具制品、服装、电子产品、电子元器件、包装印刷材料、纸制品、塑胶制品、数码产品、包装材料、仪器仪表、电脑周边产品的技术开发与销售；网页设计；从事广告业务；经营电子商务；二类医疗器械的经营销售；国内贸易；货物及技术进出口。（法律、行政法规、国务院决定规定在登记前须批准的项目除外），许可经营项目是：
58Job,2021-08-10,1-49人,,深圳市酷可电子有限公司,酷可电子,李林,2013-04-16,500万人民币,,,待遇好外贸业务员,5000,8000,5000-8000元/月,招50人,"经验不限,可接收应届生",大专,贸易/进出口,广东省深圳市龙华区新牛路港深国际中心A5-25,一般经营项目是：储能电池、锂离子电池、移动电源、电子烟、充电器、耳机、音响、数据线、充电宝、智能锁、行车记录仪产品、电子元器件、数码产品、智能设备、LED产品、电子产品及配件的研发与销售；储能电池、锂离子电池、锂离子电芯、移动电源的信息技术服务；国内贸易；货物及技术进出口。（法律、行政法规禁止的项目除外；法律、行政法规限制的项目须取得许可后方可经营），许可经营项目是：无。
58Job,2021-08-10,50-99人,,深圳前海中影南方影视文化传播有限公司,千周电子技术,刘阁,2006-07-19,200万人民币,,,外贸专员/助理,4000,8000,4000-8000元/月,招1人,经验不限,中专,广告/创意,深圳龙岗区圆山街道西坑社区凤凰路1号,一般经营项目是：国内贸易（不含专营、专控、专卖商品）。，许可经营项目是：舞台音响、灯光、设备的生产加工与销售（不含限制项目）。
58Job,2021-08-10,1-49人,,深圳市寰宇跨境贸易服务有限公司,酷可电子,李林,2013-04-16,500万人民币,,,龙华5K起外贸业务+双休,5000,10000,5000-10000元/月,招10人,"经验不限,可接收应届生",大专,贸易/进出口,广东省深圳市龙华区新牛路港深国际中心A5-25,一般经营项目是：储能电池、锂离子电池、移动电源、电子烟、充电器、耳机、音响、数据线、充电宝、智能锁、行车记录仪产品、电子元器件、数码产品、智能设备、LED产品、电子产品及配件的研发与销售；储能电池、锂离子电池、锂离子电芯、移动电源的信息技术服务；国内贸易；货物及技术进出口。（法律、行政法规禁止的项目除外；法律、行政法规限制的项目须取得许可后方可经营），许可经营项目是：无。
58Job,2021-08-10,1-49人,,深圳市寰宇跨境贸易服务有限公司,酷可电子,李林,2013-04-16,500万人民币,,,5K起外贸跟单业务员,5000,10000,5000-10000元/月,招10人,"经验不限,可接收应届生",大专,贸易/进出口,广东省深圳市龙华区新牛路港深国际中心A5-25,一般经营项目是：储能电池、锂离子电池、移动电源、电子烟、充电器、耳机、音响、数据线、充电宝、智能锁、行车记录仪产品、电子元器件、数码产品、智能设备、LED产品、电子产品及配件的研发与销售；储能电池、锂离子电池、锂离子电芯、移动电源的信息技术服务；国内贸易；货物及技术进出口。（法律、行政法规禁止的项目除外；法律、行政法规限制的项目须取得许可后方可经营），许可经营项目是：无。
58Job,2021-08-10,100-499人,,深圳市鑫鹏达制罐包装有限公司,鑫鹏达制罐包装,郭伟生,2014-03-19,300万人民币,,,阿里巴巴外贸客服,6000,12000,6000-12000元/月,招2人,经验不限,学历不限,批发/零售,深圳龙岗平湖平安大道华耀城13栋309鑫鹏达,一般经营项目是：五金制品、铁罐、铁盒、塑料罐、纸罐、礼品盒、食品罐、铁制工艺品、包装材料的研发与销售；经营电子商务；国内贸易；货物及技术进出口。，许可经营项目是：五金制品、铁罐、铁盒、塑料罐、纸罐、礼品盒、食品罐、铁制工艺品、包装材料的生产、加工、制造。
58Job,2021-08-10,1-49人,,深圳市旺泓精密五金塑胶有限公司,爱斯澳商贸,吴媛,2016-12-16,200万人民币,,,坑梓高薪急招外贸业务员,6000,12000,6000-12000元/月,招15人,"经验不限,可接收应届生",大专,批发/零售+贸易/进出口,广东省深圳市坪山区坪山区坑梓镇排坊路18号雅国浦京智创园3楼,一般经营项目是：经营电子商务，国内外贸易，货物及技术进出口。（法律、行政法规、国务院决定禁止的项目除外）。5193；互联网批发；美发饰品销售；成人情趣用品销售（不含药品、医疗器械）；家用电器销售；日用杂品销售；母婴用品销售；玩具、动漫及游艺用品销售；日用口罩（非医用）销售；劳动保护用品销售；工艺美术品及礼仪用品销售（象牙及其制品除外）；机械设备销售；办公设备销售；电子产品销售；第一类医疗器械销售。（除依法须经批准的项目外，凭营业执照依法自主开展经营活动），许可经营项目是：第二类医疗器械销售。（依法须经批准的项目，经相关部门批准后方可开展经营活动，具体经营项目以相关部门批准文件或许可证件为准）
58Job,2021-08-10,1-49人,,深圳市很扎实科技有限公司,和润源实业,张祖源,2015-04-24,100万人民币,,,外贸经理/主管,5000,8000,5000-8000元/月,招若干人,经验不限,学历不限,贸易/进出口,宝安大道4016-7号,一般经营项目是：彩色印刷制品，彩盒包装纸制品的销售。电脑周边电子，手机周边电子，数码影音类产品，消费类电子产品，智能家居产品的研发和销售，货物和技术的进出口，五金产品，塑胶产品的技术开发和销售。（法律、行政法规或者国务院决定禁止和规定在登记前须经批准的项目除外），许可经营项目是：
58Job,2021-08-10,1-49人,,深圳市宇洲建筑设计工程有限公司,和美奥科技,钟兰天,2017-12-05,100万人民币,,,外贸业务,5000,7000,5000-7000元/月,招2人,3-5年,大专,贸易/进出口+建筑/建材,深圳龙华工业西路88号龙海商务中心505,一般经营项目是：卫浴设备、卫浴洁具、卫浴配套产品、电子产品、厨房设备、厨卫用品、工艺品、水暖配件、陶瓷洁具、五金门锁、五金制品、玻璃制品、不锈钢制品、木制家具、家居用品、日用品、饮水及净水设备的技术研发与销售；计算机软、硬件的销售；管道电线、阀门、照明、电线电缆、建筑材料、厨具、厨卫电器、生活电器的销售；一类，二类医疗器械的销售；国内贸易；经营进出口业务。，许可经营项目是：三类医疗器械的销售。
58Job,2021-08-10,1-49人,,深圳市光明区忆碗秦面店,创思翔,王杰,2011-03-31,10万人民币,,,外贸专员,6000,8000,6000-8000元/月,招若干人,经验不限,大专,其他行业,广东省深圳市宝安区长春北路126号豪庭商务中心1408,一般经营项目是：劳保用品、挂绳、绳带、工艺礼品、办公用品、家居用品、宠物用品、包装用品、服装辅料、运动用品、五金饰品、塑胶制品的销售；国内贸易；货物及技术进出口。（法律、行政法规禁止的项目除外；法律、行政法规限制的项目须取得许可后方可经营），许可经营项目是：口罩、防护服、体温计、测温仪、二类医疗器械的销售。
58Job,2021-08-10,1-49人,,深圳市湾边贸易有限公司,湾边贸易,张雪凤,2005-01-27,1000万人民币,,,观澜田背招外贸商务助理,5500,8000,5500-8000元/月,招1人,经验不限,学历不限,贸易/进出口,观澜大道75号田背花园E栋806,一般经营项目是：经营进出口业务，国内商业、物资供销业（不含专营、专控、专卖商品）。，许可经营项目是：
58Job,2021-08-10,50-99人,,深圳市辉达源手袋有限公司,辉达源,陈月生,2011-05-10,800万人民币,,,外贸专员,5000,8000,5000-8000元/月,招若干人,1-2年,大专,其他行业,广东省深圳市龙岗区长龙西路13号,"一般经营项目是：手袋、皮包、箱包、手机及电脑的皮套、手表皮带、腰带、皮具皮革制品、包装制品、电子产品、五金制品的技术开发、批发及销售；口罩,测温仪,防护服等二类医疗器械的销售;国内贸易，从事货物及技术的进出口业务。，许可经营项目是：手袋、皮包、箱包、手机及电脑的皮套、手表皮带、腰带、皮具皮革制品、包装制品、电子产品、五金制品的生产加工；"
58Job,2021-08-10,1-49人,,北京源润贸易有限公司,华美万瑞进出口,陈帅良,2008-04-09,100万人民币,,,外贸业务员,7000,14000,7000-14000元/月,招1人,3-5年,大专,贸易/进出口,深圳布吉布澜31号李朗软件产业园A4栋701,一般经营项目是：从事货物及技术的进出口业务（国家明令禁止及特种许可的除外）；国内贸易（法律、行政法规、国务院决定规定在登记前须经批准的项目除外）；经济信息咨询（不含人才中介服务、证券及限制项目）；投资兴办实业（具体项目另行申报）。，许可经营项目是：
58Job,2021-08-10,1-49人,,深圳市通创科技有限公司,通创科技,梁邦通,2015-08-13,50万人民币,,,外贸客服,4000,5000,4000-5000元/月,招2人,"经验不限,可接收应届生",高中,互联网/电子商务,白石龙逸秀新村东方天德大厦1228,一般经营项目是：口罩、防护服、护目镜、体温计、血压、钟表、电子产品、工艺礼品（象牙及其制品除外）、手表配件、钟表配件、服饰、饰品及五金的技术开发与销售，国内贸易，经营进出口业务。（法律、行政法规、国务院决定规定在登记前须经批准的项目除外），许可经营项目是：
58Job,2021-08-10,1-49人,,深圳市特别特电子商务有限公司,艾达实业,李刚,2016-07-26,500万人民币,,,外贸业务员五险双休急招,8000,15000,8000-15000元/月,招3人,经验不限,学历不限,贸易/进出口,深圳宝安沙井中心路锐钧大厦18D,一般经营项目是：投资兴办实业(具体项目另行申报)；模具，塑胶，五金交电，电子产品，电器，检测设备，试验设备，仪器仪表，加工设备及耗材的研发与销售，国内贸易货物及技术进出口;护肤品销售，美容化妆用品贸易，经营电子商务。（法律、行政法规或者国务院决定禁止和规定在登记前须经批准的项目除外），许可经营项目是：仪器仪表的测量校准，上门维修，检测服务，设备和检测的信息咨询，技术开发，培训服务；
58Job,2021-08-10,100-499人,,深圳市澳特莱恩电器科技有限公司,澳特莱恩,陈洪,2010-06-26,100万人民币,,,高薪诚聘外贸跟单,5000,10000,5000-10000元/月,招1人,1-2年,大专,耐用消费品(家具/家电等),深圳市龙岗区坪地街道六联社区罗屋街18号,一般经营项目是：家用电器和电子产品的设计、研发、生产加工和销售；投资兴办实业（具体项目另行申报）；国内贸易；货物及技术进出口。（以上项目法律、行政法规禁止的除外，法律、行政法规限制的须取得许可后方可经营），许可经营项目是：
58Job,2021-08-10,1-49人,,永辉超市,,卢玲玲,2017-07-12,50万人民币,,,外贸业务,,,薪资面议,招若干人,经验不限,学历不限,互联网/电子商务+批发/零售+贸易/进出口,宝民二路流塘大厦,一般经营项目是：电子产品、通信配件的设计研发与销售，国内贸易，经营进出口业务。（法律、行政法规、国务院决定禁止的项目除外，限制的项目须取得许可后方可经营）；，许可经营项目是：
58Job,2021-08-10,50-99人,,深圳市合盛创杰科技有限公司,富润德印刷,徐华亮,2007-01-17,150万人民币,,,外贸专员/助理,8000,10000,8000-10000元/月,招若干人,3-5年,大专,出版/印刷/造纸,广东省深圳市宝安区铁仔路新宝基工业园3栋3楼,一般经营项目是：国内贸易，货物及技术进出口。（法律、行政法规、国务院决定规定在登记前须经批准的项目除外），许可经营项目是：包装装潢印刷品、其他印刷品的销售；包装装潢印刷品、其他印刷品印刷。
58Job,2021-08-10,1-49人,,深圳纳科通信技术有限公司,德政鑫,胡德政,2011-08-10,50万人民币,,,外贸业务员,4000,8000,4000-8000元/月,招3人,经验不限,学历不限,通信/电信,深圳龙岗区龙岗中心城荣超金融大厦1528,一般经营项目是：生命科学技术开发；化妆品技术开发和销售；生物灯技术开发；光机电一体化；发光二极管技术开发及应用；计算机软硬件、通讯设备、电子数码产品、照明设备、移动电源、贴片电路板的技术开发与销售；安防器材、建筑材料、照明器材、汽车零配件、家纺服装鞋帽、塑胶原料及制品、金属材料及制品、日用化学品的批发；国内贸易；货物及技术进出口；二类医疗器械的销售；工业设计、时装设计、包装装潢设计、多媒体设计、动漫及衍生产品设计、动漫产品设计、饰物装饰设计、展台设计、规划模型设计、沙盘模型设计；礼品包装产品、木制品包装产品、陶瓷包装产品、纸品包装产品、塑胶金属包装产品、酒盒包装产品、皮革包装产品、工艺品包装产品的销售，智能包装制品、包装材料、包装机械、环保生态系统包装制品的技术开发与销售；无线射频标签、高新材料包装产品的研发设计与销售；个性化定制的私人和商务产品包装的设计与销售；智能化包装制品、包装材料的防伪技术开发；提供智能配送、智能包装、智能装卸以及智能信息的获取、加工和处理一体化解决方案的设计；提供创新创意包装的整体解决方案设计。，许可经营项目是：二类医疗器械的销售。
58Job,2021-08-10,1-49人,,深圳市优苹科技有限公司,优苹科技,张俊钊,2012-08-07,200万人民币,,,外贸专员/助理,6000,12000,6000-12000元/月,招若干人,1-2年,大专,电子技术/半导体/集成电路,深圳市宝安区石岩街道 工业二路汇龙达大厦13B,一般经营项目是：电子数码产品和电脑周边产品的技术研发与销售；保健品的销售；国内贸易；货物及技术进出口。（法律、行政法规、国务院决定规定在登记前须经批准的项目除外），许可经营项目是：
58Job,2021-08-10,100-499人,,深圳市万匠科技有限公司,万匠科技,李明立,2018-01-05,120万人民币,,,外贸经理,,,薪资面议,招1人,3-5年,大专,其他行业,黎光社区中南岗工业城G栋6楼（4号电梯）,一般经营项目是：通讯产品、数码产品、电子产品的技术开发、技术转让、技术咨询、技术服务与销售；国内贸易；货物及技术进出口，许可经营项目是：通讯产品，数码产品，电子产品的生产
58Job,2021-08-10,1-49人,,深圳市楚楚洁环保科技有限公司,遇爱贸易,许伟春,2018-06-13,100万人民币,,,外贸专员/助理,5000,8000,5000-8000元/月,招5人,经验不限,大专,贸易/进出口+批发/零售+交通/运输/物流,广东省深圳市宝安区中心路,一般经营项目是：成人玩具的技术研发；情趣服饰、健慰器、润滑油、五金制品、硅橡胶及塑胶制品、工艺礼品（象牙及其制品除外）的销售；国内贸易，货物及技术进出口。(法律、行政法规、国务院决定规定在登记前须经批准的项目除外），许可经营项目是：避孕套、成人玩具、健慰器、润滑油的生产与销售；情趣服饰、五金制品、硅橡胶、塑胶制品、工艺礼品（象牙及其制品除外）的生产；二类医疗器械的批发与零售。
58Job,2021-08-10,1-49人,,深圳市旺泓精密五金塑胶有限公司,爱斯澳商贸,吴媛,2016-12-16,200万人民币,,,高薪聘外贸业务员精英团队,6000,12000,6000-12000元/月,招15人,"经验不限,可接收应届生",大专,批发/零售+贸易/进出口,广东省深圳市坪山区坪山区坑梓镇排坊路18号雅国浦京智创园3楼,一般经营项目是：经营电子商务，国内外贸易，货物及技术进出口。（法律、行政法规、国务院决定禁止的项目除外）。5193；互联网批发；美发饰品销售；成人情趣用品销售（不含药品、医疗器械）；家用电器销售；日用杂品销售；母婴用品销售；玩具、动漫及游艺用品销售；日用口罩（非医用）销售；劳动保护用品销售；工艺美术品及礼仪用品销售（象牙及其制品除外）；机械设备销售；办公设备销售；电子产品销售；第一类医疗器械销售。（除依法须经批准的项目外，凭营业执照依法自主开展经营活动），许可经营项目是：第二类医疗器械销售。（依法须经批准的项目，经相关部门批准后方可开展经营活动，具体经营项目以相关部门批准文件或许可证件为准）
58Job,2021-08-10,1-49人,,深圳市碧海高科集团有限公司,新生精密,李莉文,2017-06-21,100万人民币,,,外贸业务文员,3000,6000,3000-6000元/月,招4人,"经验不限,可接收应届生",学历不限,钢铁/机械/设备/重工,深圳宝安福永塘尾地铁站A出口中200米,一般经营项目是：自动化设备、零件、治具的研发；国内贸易。（法律、行政法规或者国务院决定禁止和规定在登记前须经批准的项目除外），许可经营项目是：自动化设备、零件、治具的生产制造；
58Job,2021-08-10,1-49人,,深圳市奥兹普科技有限公司,奥兹普科技,杨杰峰,2016-05-13,10万人民币,,,外贸专员,6500,13000,6500-13000元/月,招若干,经验不限,大专,其他行业,广东省深圳市龙华区大浪南路老围第二工业区c栋3楼,一般经营项目是：电子产品的研发与销售；计算机软硬件的设计与开发；户外运动产品的销售；日用百货的销售；手机、电脑及其周边产品的销售；经营电子商务；国内贸易；经营进出口业务。化妆品的销售；口罩、额温枪的销售；二类医疗器械的销售。，许可经营项目是：
58Job,2021-08-10,100-499人,,深圳建准电机工业有限公司,建准电机,谢玉明,1992-11-20,92万美元,,,外贸业务员,5000,8000,5000-8000元/月,招2人,"经验不限,可接收应届生",大专,电子技术/半导体/集成电路,深圳龙华新区大浪新桥塘工业区二路28号大浪会堂旁,一般经营项目是：加工、生产经营微电机、电子产品用的散热风扇及其零部件。产品７０％外销。，许可经营项目是：
58Job,2021-08-10,50-99人,,厦门瑞鸿信科技有限公司,富莱奥,汪天山,2011-06-23,3万人民币,,,外贸专员/助理,3000,5000,3000-5000元/月,招若干人,经验不限,学历不限,其他行业+贸易/进出口+电子技术/半导体/集成电路,广东省深圳市龙岗区龙平西路4号,一般经营项目是：网上从事：航模电子配件、数码电子产品的技术开发、购销；电子产品的购销；国内贸易（法律、行政法规、国务院决定规定在登记前须经批准的项目除外）；货物及技术进出口（法律、行政法规禁止的项目除外；法律、行政法规限制的项目须取得许可后方可经营）。，许可经营项目是：
58Job,2021-08-10,1-49人,,深圳市宝瑞亨电子科技有限公司,,吴玥,2018-09-10,50万人民币,,,外贸专员/助理,5000,8000,5000-8000元/月,招若干人,经验不限,大专,互联网/电子商务,广东省深圳市龙华区民治街道新牛路港深国际中心370－2,一般经营项目是：电子产品的销售；经营电子商务；网络技术开发；国内贸易；货物及技术进出口。，许可经营项目是：
58Job,2021-08-10,50-99人,,深圳市星磊科技有限公司,万舟通,徐超,2010-11-25,50万人民币,,,外贸业务员,4000,8000,4000-8000元/月,招3人,1年以下,大专,批发/零售+互联网/电子商务,广东省深圳市宝安区福永桥头伟丰大厦809,一般经营项目是：数码产品，智能化设备的技术开发和销售；国内贸易，货物及技术进出口。(法律、行政法规或者国务院决定禁止和规定在登记前须经批准的项目除外)，许可经营项目是：数码产品，智能化设备的生产。
58Job,2021-08-10,1-49人,,深圳市前海聚英实业有限公司,,黄丽银,2016-05-11,500万人民币,,,外贸业务员,5000,8000,5000-8000元/月,招15人,经验不限,高中,航天/航空+通信/电信+原材料和加工,深圳宝安松岗沙浦围工业区11栋,一般经营项目是：智能化设备、自动化设备，电子元器件、机器人、无人机、新能源汽车产业、充电桩、光机电一体化、航天海洋与现代运输装备的研发与销售；机电产品的技术开发与销售；线路板、接插件的销售；电子线材、连接器的开发与销售；国内贸易（以上根据法律、行政法规、国务院决定等规定需要审批的，依法取得相关审批文件后方可经营）。，许可经营项目是：智能化设备、机器人、无人机、电子线材、电子电器、连接器的制造与加工；线路板、接插件的生产。
58Job,2021-08-10,100-499人,,深圳观澜富士康,建业动力电子（深圳）,许建强,2012-09-19,858.86万港元,,,外贸跟单员,7000,9000,7000-9000元/月,招1人,经验不限,学历不限,电子技术/半导体/集成电路,君子布社区环观南路19号3号厂房401（铭可达物流园）,一般经营项目是：销售自产产品；从事货物及技术进出口（不含分销）。锂离子蓄电池销售。，许可经营项目是：生产经营各类电子五金塑胶玩具、充电器、电子控制板、塑胶制品、电子塑胶礼品、电子五金塑胶制品、空气清新机、滤水器、电线带接头；模具制品的生产制作、研发及销售。(不涉及外商投资准入特别管理措施，涉及国营贸易、配额、许可证及专项管理规定的商品，按国家有关规定办理申请后经营）
58Job,2021-08-10,1-49人,,深圳市吉祥光速通信有限公司,,邓敏谊,2018-05-17,100万人民币,,,外贸销售业务,8000,12000,8000-12000元/月,招2人,1-2年,大专,通信/电信,深圳龙岗坪地环城南路128号嘉信工业园,一般经营项目是：蓝牙耳机、蓝牙音箱、电子产品、手机电池、移动电源、手机充电器、数据线、耳机线的技术开发与销售；国内贸易，货物及技术进出口。，许可经营项目是：蓝牙耳机、蓝牙音箱、电子产品、手机电池、移动电源的生产
58Job,2021-08-10,1-49人,,待完善,都乐光电,李琼阳,2004-05-24,100万人民币,,,外贸经理/主管,5000,8000,5000-8000元/月,招若干人,经验不限,学历不限,贸易/进出口+广告/创意+电子技术/半导体/集成电路,和秀西路26号(松福大道边)松发工业园B2栋4楼,一般经营项目是：企业形象策划；广告宣传服务；货物及技术进出口。（法律、行政法规或者国务院决定禁止和规定在登记前须经批准的项目除外），许可经营项目是：LED闪动广告灯箱、LED电子显示屏、LED光源、LED照明产品及电子灯箱的设计与制作；EL冷光片、标识标牌、广告礼品、数码显示、亚克力制品、木制品、五金制品、工艺制品、陈列展示用品的加工及销售。
58Job,2021-08-10,1-49人,,深圳市摩尔智慧科技有限公司,摩尔智慧,张明忠,2016-05-24,100万人民币,,,外贸销售,5000,10000,5000-10000元/月,招2人,1-2年,大专,互联网/电子商务,深圳龙岗宝龙街道同心社区新布新路18号荣昌科技园B栋601,一般经营项目是：计算机软硬件系统平台，电子商务平台的研发与销售，网上从事电子商务。国内贸易，货物及技术进出口。，许可经营项目是：电子产品、数码产品、电子元器件、体育用品、小家电、美容仪器（不含医疗器械）的研发生产与销售；汽车配件、汽车零部件的研发生产与销售；纳米散热材料、动力电池管理系统的研发生产与销售。
58Job,2021-08-10,50-99人,,厦门瑞鸿信科技有限公司,富莱奥,汪天山,2011-06-23,3万人民币,,,外贸业务,,,薪资面议,招若干人,经验不限,学历不限,其他行业+贸易/进出口+电子技术/半导体/集成电路,深圳龙岗中心城志达工业园,一般经营项目是：网上从事：航模电子配件、数码电子产品的技术开发、购销；电子产品的购销；国内贸易（法律、行政法规、国务院决定规定在登记前须经批准的项目除外）；货物及技术进出口（法律、行政法规禁止的项目除外；法律、行政法规限制的项目须取得许可后方可经营）。，许可经营项目是：
58Job,2021-08-10,50-99人,,深圳鸿硕达科技有限公司,威雅特,,,""",",,,外贸跟单助理,4000,6000,4000-6000元/月,招1人,"1-2年,可接收应届生",大专,电子技术/半导体/集成电路,深圳宝安石岩料坑新村喜源通工业区,""","
58Job,2021-08-10,50-99人,,深圳科思琪电子科技有限公司,方伯第,晏小华,2009-08-13,500万人民币,,,外贸销售,7500,15000,7500-15000元/月,招5人,1-2年,本科,电子技术/半导体/集成电路,广东省深圳市龙岗区丹竹头吉厦早禾坑工业区九号,一般经营项目是：电子门锁、电源、感应产品、夹具、电子配件、电子产品的生产（《建设项目环境影响审查批复》有效期至2013年6月15日）与销售，国内商业、物资供销业、货物及技术进出口（不含法律、行政法规、国务院决定禁止及规定需前置审批项目）。，许可经营项目是：
58Job,2021-08-10,1-49人,,深圳市米度客房产品开发有限公司,富源手袋,石文英,2008-03-03,100万人民币,,,高薪聘请外贸业务员,10000,20000,10000-20000元/月,招2人,经验不限,高中,服装/纺织/皮革,深圳龙华观澜新田景田路创新工业园B栋四楼,一般经营项目是：手袋、纺织品，口罩，防护服，体温枪的销售；国内贸易，货物及技术进出口。，许可经营项目是：手袋、纺织品，口罩，防护服，体温枪的生产（依法须经批准的项目，经相关部门批准后方可开展经营活动
58Job,2021-08-10,1-49人,,深圳市施博瑞科技实业有限公司,,余杏玉,2004-04-08,1001万人民币,,,外贸专员,5000,10000,5000-10000元/月,招若干人,1-2年,大专,生物/制药/医疗器械,广东省深圳市坪山街道沙坣社区同富裕工业区,一般经营项目是：精密仪器、电子产品的技术开发与销售；国内贸易，货物及技术进出口。（法律、行政法规、国务院决定规定在登记前须经批准的项目除外），许可经营项目是：精密仪器、电子产品的生产；Ⅱ类6821医用电子仪器设备、Ⅱ类6823医用超声仪器及有关设备、Ⅱ类6826物理治疗及康复设备的生产与销售。
58Job,2021-08-10,100-499人,,上海开奈电子通讯有限公司,永泰源,刘伟丰,2009-09-21,100万人民币,,,外贸专员/助理,3000,5000,3000-5000元/月,招若干人,经验不限,学历不限,通信/电信,深圳宝安福永兴益工业城,一般经营项目是：车用显示器、车用多媒体播放器、车用DVD、汽车音响及配件、汽车倒车后视系统、安防监视器（安全技术防范产品须取得公安机关审批后方可经营）、车用导航仪器（不含卫星地面接收设施）、可视门铃、倒车雷达、车用摄像头、线材的技术开发与销售；货物及技术进出口。（以上均不含法律、行政法规、国务院决定禁止及规定需前置审批项目），许可经营项目是：车用显示器、车用多媒体播放器、车用DVD、汽车音响及配件、汽车倒车后视系统、安防监视器（安全技术防范产品须取得公安机关审批后方可经营）、车用导航仪器（不含卫星地面接收设施）、可视门铃、倒车雷达、车用摄像头、线材的生产。
58Job,2021-08-10,100-499人,,深圳市星科创科技有限公司,星科创,林圳,2013-10-12,100万人民币,,,外贸业务员,,,薪资面议,招2人,1-2年,大专,电子技术/半导体/集成电路+仪器仪表/工业自动化+互联网/电子商务,坣岗社区新沙路304坣岗大厦1603,一般经营项目是：电子产品、电器产品、传感器、智能产品、模具产品，塑胶制品、玻璃仪器 、电子系统设备 水暖器材、水泵及配件 仪器仪表、电子原器件、电线电缆的研发与销售；国内贸易；货物及技术进出口。 电子产品的技术开发、技术推广、技术转让、技术咨询、技术服务；计算机系统服务；模型设计。（法律、行政法规、国务院决定禁止的项目除外，限制的项目须取得许可后方可经营），许可经营项目是：电子产品、电器产品、传感器、智能产品、塑胶、模具产品的生产。
58Job,2021-08-10,1-49人,,深圳市正芯城电子科技有限公司,正芯城电子科技,陈阳辉,2011-06-27,50万人民币,,,外贸,,,薪资面议,招2人,经验不限,学历不限,电子技术/半导体/集成电路+互联网/电子商务,中国广东省深圳市福田区华强北街道中航路13号,一般经营项目是：电子产品的技术开发、销售，国内贸易（不含专营、专卖、专控商品）；经营进出口业务。（法律、行政法规、国务院决定禁止的项目除外，限制的项目须取得许可后方可经营），许可经营项目是：
58Job,2021-08-10,1-49人,,待完善,,尹宁,2020-12-16,100万人民币,,,阿里外贸助理8K靠谱老板,8000,15000,8000-15000元/月,招4人,1-2年,学历不限,互联网/电子商务,深圳龙华区上芬地铁站c出口或上塘地铁站A出口白玉街淘金地大厦E座5楼518,一般经营项目是：电子产品及配件、手机维修工具的销售；国内贸易（不含专营、专卖、专控商品）；经营进出口业务（法律、行政法规、国务院决定禁止的项目除外，限制的项目须取得许可后方可经营）。，许可经营项目是：无
58Job,2021-08-10,1-49人,,深圳市元同科技有限公司,元同科技,孙志强,2020-04-08,10万人民币,,,外贸销售运营,4500,9000,4500-9000元/月,招2人,1-2年,大专,互联网/电子商务+贸易/进出口+批发/零售,华强北都会大厦A座,一般经营项目是：数码产品、电子产品、手机及手机配件的技术开发与销售；经营电子商务；服装、日用品的购销；国内贸易；货物及技术进出口。，许可经营项目是：
58Job,2021-08-10,1-49人,,深圳市中科劲纬智能有限公司,科领表计,蒋滔,2015-11-06,820万人民币,,,外贸业务员,5000,8000,5000-8000元/月,招3人,"经验不限,可接收应届生",大专,贸易/进出口+仪器仪表/工业自动化,光明新区侨德科技园,一般经营项目是：电子元器件、手持抄表器、手持终端（PDA）、缴费终端及系统、缴费POS机及智能化设备的研发、销售；电子产品的技术方案的研发、技术咨询及销售；电子式电能表、智能水表、气表、热量表、燃气表、仪器仪表、采集器、集中器的研发及销售；四表合一系统及设备、通讯模块、通讯接口、表箱及仪表整套等设备的研发及销售；软件系统开发、系统集成、销售及服务；软件工程及系统维护；模具的研发及销售；货物及技术进出口业务。法律、行政法规、国务院决定规定在登记前须经批准的项目除外），许可经营项目是：电子式电能表、智能水表、气表、热量表、燃气表、仪器仪表、采集器、集中器、四表合一系统及设备、通讯模块、通讯接口、表箱及仪表整套等设备的生产；各种仪器仪表用的塑胶产品及二次加工；模具的生产，建设项目环境影响审批
58Job,2021-08-10,1-49人,,淮安威灵电机制造有限公司,凯尔沃,李玲,2011-07-04,300万人民币,,,阿里国际站运营外贸运营,6000,10000,6000-10000元/月,招3人,1-2年,大专,原材料和加工,深圳光明公明街道马山头第六工业区3号,一般经营项目是：模具批发零售；包装材料、工艺礼品、金属材料、金属制品、文具用品的批发、零售；环保科技、塑料科技领域内的技术开发、技术咨询、技术服务、技术转让；图文设计与制作；手板模型、快速成型模具的销售；玩具礼品；五金塑胶产品的技术开发与销售；工业产品、电子产品的销售；物业租赁；国内贸易，货物及技术进出口。（不含再生资源非回收经营及法律，行政法规，国务院决定规定在登记前须经批准的项目），许可经营项目是：模具的设计与加工；机箱、机柜、钣金加工；五金塑胶产品的生产；手板模型，快速成型模具生产、
58Job,2021-08-10,50-99人,,深圳市埃西尔电子有限公司,惠晟光电,曾海林,2005-07-06,100万人民币,,,外贸专员/助理,3000,5000,3000-5000元/月,招若干人,经验不限,大专,互联网/电子商务+汽车/摩托车,深圳市宝安区石岩街道光明路泉宝工业区A5栋,一般经营项目是：电子元器件、LED灯具、LED灯饰的技术开发与销售，国内商业、物资供销业，货物及技术进出口。（不含法律、行政法规、国务院规定禁止及决定需前置审批的项目）。，许可经营项目是：LED发光二极管、电子产品的生产与销售；机械设备、五金产品类的加工制造与销售
58Job,2021-08-10,1-49人,,深圳市劲霸王电池有限公司,劲霸王,柯甜,2013-08-12,1000万人民币,,,外贸业务员,6000,11800,6000-11800元/月,招若干人,1-2年,大专,其他行业,中国广东省深圳市宝安区西乡街道宝安大道4311号,一般经营项目是：电池、工艺品、电子产品、服装、玩具、家具、家居用品、床上用品、布艺产品、针纺织品、家用电器、五金交电、办公用品、日用百货、办公设备及周边产品的销售；经营电子商务；货物及技术进出口。（涉及行政许可的，须取得行政许可后方可经营），许可经营项目是：农副产品的销售。
58Job,2021-08-10,1-49人,,深圳易瑞晟数码有限公司,深圳易瑞,黄美华,2011-06-28,10万人民币,,,外贸业务员/外贸销售,7000,13000,7000-13000元/月,招2人,"经验不限,可接收应届生",大专,贸易/进出口,深圳龙华新区腾龙路与建设路交叉口淘金地大厦B栋516,一般经营项目是：电子数码产品的开发设计；国内贸易，货物和技术进出口。（法律、行政法规或者国务院决定禁止和规定在登记前须经批准的项目除外），许可经营项目是：
58Job,2021-08-10,50-99人,,深圳市凯芙特科技有限公司,凯芙特科技,陈慈佳,2020-03-23,100万人民币,,,外贸专员,,,薪资面议,招若干人,1-2年,大专,电子技术/半导体/集成电路,广东省深圳市龙岗区清水路28号,一般经营项目是：从事货物、技术进出口业务。，许可经营项目是：电子产品，电子元器件，数码产品，汽车用品，汽车钥匙及配件研发与销售。
58Job,2021-08-10,1-49人,,深圳市辉达雄丰拉链塑胶五金厂,辉达雄丰拉链塑胶五金厂,叶雄微,2007-08-31,50万人民币,,,高薪诚聘阿里国际外贸业务,10000,20000,10000-20000元/月,招2人,3-5年,大专,服装/纺织/皮革,确威科技园8号201,一般经营项目是：从事货物及技术的进出口业务，许可经营项目是：五金配件、塑胶配件、拉链的生产加工及销售（不含再生资源的购销、储存及分拣整理活动，不含限制项目）；宠物用品、工艺礼品（象牙及其制品除外）、日用百货以及手袋的生产和销售，
58Job,2021-08-10,50-99人,,深圳市畅达益实业发展有限公司,畅达益,邹界,2016-11-07,2000万人民币,,,外贸专员,,,薪资面议,招若干人,经验不限,大专,其他行业,中国广东省深圳市龙岗区坑梓街道梓横西路1号,一般经营项目是：金属材料、压铸件、焊接设备、超声波钎焊设备、焊接材料的销售；焊接工艺研发；钎焊的技术转让、技术咨询、技术服务、应用软件开发、软件服务；经营进出口业务（法律、行政法规或者国务院决定禁止和规定在登记前须经批准的项目除外），许可经营项目是：货物运输服务；家用电器、小家电、净水器、空气净化器、富氢水杯、洗碗机、取暖器、扫地机器人、果蔬消毒机的生产与销售；
58Job,2021-08-10,100-499人,,深圳市鼎信商业服务有限公司,金瑞祥,蔡承志,2008-12-31,50万人民币,,,外贸业务员,6000,12000,6000-12000元/月,招3人,经验不限,大专,贸易/进出口,深圳龙岗平湖华南城环球物流中心9楼913,一般经营项目是：电话机、耳机、电脑及电脑周边产品、数码产品、家用电器、电子产品、通讯器材的技术开发及销售；照明灯具、LED灯、酒店装饰灯具设计及销售；第二类医疗器械及产品的购销（需取得二类医疗器械经营备案后方可经营）； 国内商业、物资供销业；货物及技术进出口。，许可经营项目是：
58Job,2021-08-10,50-99人,,深圳市联合多层线路板有限公司,鼎硕汇丰,夏堂,2016-08-18,100万人民币,,,外贸专员/应届毕业实习生,3000,6000,3000-6000元/月,招1人,"经验不限,可接收应届生",学历不限,计算机硬件+IT服务/系统集成+电子技术/半导体/集成电路,深圳宝安沙井东环路277号恒骏大厦618,一般经营项目是：电子产品的技术开发、技术咨询、技术服务、技术转让；经济信息咨询；电子产品、建筑材料、机械设备、五金交电、医疗器械I类、化工产品的销售；国内贸易；货物及技术进出口。（法律、行政法规或者国务院决定禁止和规定在登记前须经批准的项目除外），许可经营项目是：
58Job,2021-08-10,1-49人,,深圳市赛倍伶科技有限公司,赛倍伶科技,辜德全,2014-12-30,100万人民币,,,外贸专员/助理,3000,5000,3000-5000元/月,招若干人,经验不限,学历不限,贸易/进出口+文体/影视/艺术+批发/零售,燕川深翔工业园,一般经营项目是：跳绳及跳绳检测设备的研发与销售。（法律、行政法规或者国务院决定禁止和规定在登记前须经批准的项目除外），许可经营项目是：跳绳及跳绳检测设备的生产。
58Job,2021-08-10,1-49人,,深圳市星磊科技有限公司,,李松霖,2009-11-10,3万人民币,,,外贸业务,,,薪资面议,招2人,经验不限,学历不限,批发/零售,新湖街道楼村陈文礼工业园,一般经营项目是：电子元器件、电子产品的技术开发与销售；国内贸易（法律、行政法规、国务院决定规定在登记前须经批准的项目除外）；从事货物及技术的进出口业务（法律、行政法规、国务院决定禁止的项目除外，限制的项目须取得许可后方可经营）。，许可经营项目是：
58Job,2021-08-10,1-49人,,锐孚实业（深圳）有限公司,锐孚实业（深圳）,何长涛,2021-04-23,100万人民币,,,外贸专员实习生,,,薪资面议,招5人,经验不限,学历不限,贸易/进出口+服装/纺织/皮革+广告/创意,深圳龙岗平湖华南城,一般经营项目是：渔具用品和配件钓具、户外用品、电子产品、鱼饵饲料、渔具、文具夹、健身器材、行军床、吊床、帐篷、屏风，户外野营用品和配件、户外野营用品、床上用品、箱包、服装、鞋帽、运动器材、家用纺织品、车、船、民航装饰、文体用品、自动化办公用品及耗材销售；自营和代理各类商品及技术的进出口业务。户外活动组织与策划；户外运动器材的销售、租赁；会务服务；展览展示服务；广告的设计、制作、代理及发布；文化艺术交流活动的组织与策划。，许可经营项目是：无
58Job,2021-08-10,1-49人,,深圳市恒成达实业有限公司,恒成达,李卫波,2017-06-30,100万人民币,,,外贸业务员/助理,,,薪资面议,招2人,"经验不限,可接收应届生",大专,原材料和加工,深圳龙华区大浪石观工业区G栋2楼,一般经营项目是：电子辅料、胶粘制品、发泡胶制品、纸制品、不干胶制品、包装材料、包装制品的设计与销售；投资兴办实业（具体项目另行申报）；国内贸易；经营电子商务；货物及技术进出口，许可经营项目是：电子辅料、胶粘制品、发泡胶制品、纸制品、不干胶制品、包装材料、包装制品的生产。
58Job,2021-08-10,100-499人,,深圳市雅士威光学科技有限公司,同益新中,林金伟,2013-03-27,2202.7495万人民币,,,外贸业务员,,,薪资面议,招若干,经验不限,学历不限,服装/纺织/皮革,广东省深圳市罗湖区东门中路2088-2,一般经营项目是：针织品、纺织原料的销售；纺织品、服装及饰品、鞋帽、床上用品等产品的设计、开发与购销；网络科技产品领域内的技术开发、技术咨询、技术服务、技术转让，计算机及移动终端网络工程、软件的开发及维护、网络技术服务；投资咨询，经济信息咨询；企业管理咨询；物业租赁；国内贸易，从事货物及技术进出口；其他机械与设备经营租赁。（法律、行政法规、国务院决定规定在登记前须经批准的项目除外）等；，许可经营项目是：数码印花；针织品、纺织原料的生产加工。纺织品、服装及饰品、鞋帽、床上用品等产品的生产。
58Job,2021-08-10,1-49人,,深圳市置辰海信科技有限公司,中顺科技信息技术,,,""",",,,外贸专员,3000,5000,3000-5000元/月,招2人,经验不限,学历不限,生物/制药/医疗器械+通信/电信+耐用消费品(家具/家电等),深圳南山南油公园道大厦,""","
58Job,2021-08-10,1-49人,,深圳兴艺影视文化传媒有限公司,深圳天缘医药科技,王春亮,2018-01-25,100万人民币,,,外贸业务,4500,9000,4500-9000元/月,招若干人,1-2年,大专,其他行业,中国广东省深圳市宝安区西乡街道A2路,一般经营项目是：生物、医药专业领域内技术开发、技术咨询；物试剂（除医疗、诊断试剂外）研发；国内贸易，货物及技术进出口。（法律、行政法规或者国务院决定禁止和规定在登记前须经批准的项目除外），许可经营项目是：化工产品及化工原料的销售。
58Job,2021-08-10,1-49人,,深圳伊特沃科技有限公司,深圳伊特沃科技,罗牡丹,2015-10-20,50万人民币,,,外贸专员/助理,5000,10000,5000-10000元/月,招若干人,经验不限,学历不限,互联网/电子商务,广东省深圳市福田区华发北路87号附近,一般经营项目是：电子产品、数码产品、通讯设备及其他周边产品的研发及销售；二类医疗器械、医用服装、医用目镜、鞋帽、手套、消毒杀菌产品、熔喷布和无纺布、卫生用品的批发和零售；医用口罩的批发销售；国内贸易；经营进出口业务。（法律、行政法规、国务院决定禁止的项目除外，限制的项目须取得许可后方可经营），许可经营项目是：
58Job,2021-08-10,50-99人,,深圳市天创展示品有限公司,天创展示,尹怀中,2004-11-23,50万人民币,,,外贸业务员,,,薪资面议,招5人,1-2年,大专,原材料和加工,深圳宝安沙井镇环镇路飞腾工业园A栋二楼,一般经营项目是：展示品、电子产品、化妆品、家居用品、工艺礼品、有机玻璃制品的销售。，许可经营项目是：展示品、电子产品、化妆品、家居用品、工艺礼品、有机玻璃制品的生产。
58Job,2021-08-10,1-49人,,河南汇成天玺工程管理有限公司,理德盛大,谭艳芳,2015-01-19,100万人民币,,,IC外贸业务,5000,10000,5000-10000元/月,招2人,"经验不限,可接收应届生",学历不限,互联网/电子商务+贸易/进出口+电子技术/半导体/集成电路,龙岗区布吉三联村松源路2号三联珠宝城C栋407,一般经营项目是：经营电子商务；IC集成电路芯片与半导体电子元器件的购销；LED灯的研发与销售；计算机软硬件开发；电子产品及通讯器材的技术开发与购销；信息咨询（不含限制项目）；企业管理咨询；投资咨询（不含证券、期货、保险及其它金融业务）；国内贸易，货物及技术进出口（法律、行政法规、国务院决定规定在登记前须经批准的项目除外，限制的项目须取得许可后方可经营），许可经营项目是：
58Job,2021-08-10,1-49人,,深圳朗图科技有限公司,奥泽网络科技,卢思园,2019-03-12,100万人民币,,,外贸助理,5000,6000,5000-6000元/月,招1人,"经验不限,可接收应届生",大专,互联网/电子商务,深圳龙岗大运颐安都会中央,一般经营项目是：经营电子商务；服装、鞋帽、生活日用品、办公用品、珠宝首饰(不含贵金属）、电子产品、电子配件、电脑配件、通讯产品、塑胶产品、LED灯具、汽车用品、母婴日用品、五金产品、工艺品（象牙及其制品除外）、字画、厨具用品、户外用品、皮革制品的销售；国内贸易；货物及技术进出口；跨境贸易的技术咨询；软件咨询；外贸信息咨询；计算机软件技术开发、技术咨询、技术服务。，许可经营项目是：
58Job,2021-08-10,1-49人,,深圳市庄生堂医药有限公司,,廖文广,2004-01-05,1500万人民币,,,药品外贸专员,6000,8000,6000-8000元/月,招1人,1-2年,学历不限,生物/制药/医疗器械,深圳福田华强北上步中路上步信托大楼,一般经营项目是：，许可经营项目是：中成药、化学原料药、化学药制剂、抗生素原料药、抗生素制剂、生化药品的批发；三类医用卫生材料及敷料、医用缝合材料及粘合剂、医用高分子材料及制品（一次性输血、输液器具除外），二类普通诊察器械、医用电子仪器设备，物理治疗及康复设备、中医器械的销售；货物及技术进出口（法律、行政法规、国务院决定禁止的项目除外，限制的项目须取得许可后方可经营）；中成药、化学原料药、化学药制剂、抗生素原料药、抗生素制剂、生化药品、生物制品（除疫苗）的研究开发（法律、行政法规、国务院决定禁止的项目除外，限制的项目须取得许可后方可经营）。
58Job,2021-08-10,1-49人,,广州市东巨人力资源有限公司,东巨,李博,2007-02-12,500万人民币,,,欧盛公司五险一金外贸员,5000,10000,5000-10000元/月,招20人,"经验不限,可接收应届生",大专,人力资源服务,东莞市麻涌镇南玻工程,接受委托从事劳务外包服务;劳务承揽;以服务外包方式从事职能管理服务和项目管理服务以及人力资源服务和管理;人力资源外包;人力资源服务外包;装卸搬运;其他仓储业（不含原油、成品油仓储、燃气仓储、危险品仓储）;公共关系服务;机械设备专业清洗服务;运输设备清洗、消毒服务（汽车清洗除外）;社会福利事业信息咨询服务;加油站加油系统经营管理服务（不含涉及许可经营项目）;投资咨询服务;为留学人员提供创业、投资项目的信息咨询服务;企业管理服务（涉及许可经营项目的除外）;大型活动组织策划服务（大型活动指晚会、运动会、庆典、艺术和模特大赛、艺术节、电影节及公益演出、展览等，需专项审批的活动应在取得审批后方可经营）;招、投标咨询服务;政府采购咨询服务;房屋建筑工程施工;供应链管理;汽车租赁;餐饮管理;家庭服务;移民咨询服务（不含就业、留学咨询）;机械设备租赁;市场经营管理、摊位出租;市场营销策划服务;代理非诉讼法律事务（不得从事诉讼代理、刑事辩护业务）;仓储咨询服务;会议及展览服务;酒店管理;票务服务;教育咨询服务;单位后勤管理服务（涉及许可经营的项目除外）;社会法律咨询；法律文书代理;包装服务;翻译服务;企业管理咨询服务;企业形象策划服务;园林绿化工程服务;市场调研服务;自费出国留学中介服务;劳动保障事务咨询服务;向境外派遣各类劳务人员（不含海员）;劳务派遣服务;人才信息网络服务;大学生就业推荐;人才培训;流动人才人事档案及相关的人事行政关系管理;人才择业咨询指导;劳动保障事务代理服务;代理船员用人单位管理海船船员事务（具体经营项目以《船员服务机构许可证》为准）;人才推荐;人才测评;对外劳务合作;人才引进;职业信息服务;人事代理;职业中介服务;境外就业中介服务
58Job,2021-08-10,1-49人,,深圳市星磊科技有限公司,心梦网络科技,马利东,2012-12-27,100万人民币,,,外贸业务跟单员,5000,10000,5000-10000元/月,招2人,1年以下,大专,互联网/电子商务,宝源路1053号资信达大厦,一般经营项目是：网络技术咨询；网络设计，市场营销策划，经营电子商务（涉及前置行政许可的，须取得前置性行政许可文件后方可经营）；电子产品、家居日用品、工艺礼品、电子香烟（不含烟草制品）、服装鞋帽的研发与销售，国内贸易，货物及技术进出口。（法律、行政法规、国务院决定规定在登记前须经批准的项目除外），许可经营项目是：
58Job,2021-08-10,100-499人,,深圳市航声电子科技有限公司,京田精密,吴春谅,2012-12-07,500万人民币,,,外贸业务员（周末双休）,5000,10000,5000-10000元/月,招15人,3-5年,大专,原材料和加工+出版/印刷/造纸,中粮祥云国际大厦2栋3606,一般经营项目是：一类医疗器械的销售；非标车削件、各类DIN标准车件、精密冲压件、精密模具配件、精密模具的销售；国内贸易、货物进出口、技术进出口(以上涉及法律、行政法规、国务院决定规定在登记前须经批准的项目除外；法律、行政法规、国务院决定规定在开业或者使用前经审批的，取得有关审批文件后方可经营；铝材、钢材、铜材、铁材等金属材料、五金制品的销售。橡胶制品、塑料制品的销售。，许可经营项目是：一类医疗器械的生产；非标车削件、各类DIN标准车件、精密冲压件、精密模具配件、精密模具的生产加工；机器设备的研发生产及销售；生活类小商品的生产及销售。
58Job,2021-08-10,1-49人,,深圳市优畅数码电子有限公司,优畅数码,刘阳,2013-06-08,50万人民币,,,高薪急聘外贸业务员,6000,12000,6000-12000元/月,招3人,经验不限,学历不限,贸易/进出口,深圳宝安中熙ECO国际316,一般经营项目是：电子产品、计算机软硬件的技术开发与销售，国内贸易，经营进出口业务。，许可经营项目是：
58Job,2021-08-10,50-99人,,深圳市鸿轩伟业科技有限公司,艾科声学,刘兴元,2018-09-29,100万人民币,,,外贸业务助理,4000,6000,4000-6000元/月,招2人,"经验不限,可接收应届生",大专,电子技术/半导体/集成电路,深圳宝安西乡固戍水产井湾工业区A1座7楼,一般经营项目是：电子产品，音频设备、耳机产品的技术开发与销售，国内贸易，货物及技术进出口。（法律、行政法规、国务院决定规定在登记前须经批准的项目除外），许可经营项目是：电子产品，音频设备、耳机产品的生产。
58Job,2021-08-10,1-49人,,酷力数码（深圳）有限公司,酷力数码,曾练,2015-08-06,1万人民币,,,外贸业务员/助理,5000,8000,5000-8000元/月,招6人,经验不限,大专,贸易/进出口+批发/零售,创投空间大厦410室,一般经营项目是：数码产品的批发、零售；经营电子商务。，许可经营项目是：
58Job,2021-08-10,1-49人,,广州市东巨人力资源有限公司,东巨,李博,2007-02-12,500万人民币,,,急招外贸员五险一金8k+,5500,8500,5500-8500元/月,招20人,"经验不限,可接收应届生",大专,人力资源服务,广州市番禺区钟村,接受委托从事劳务外包服务;劳务承揽;以服务外包方式从事职能管理服务和项目管理服务以及人力资源服务和管理;人力资源外包;人力资源服务外包;装卸搬运;其他仓储业（不含原油、成品油仓储、燃气仓储、危险品仓储）;公共关系服务;机械设备专业清洗服务;运输设备清洗、消毒服务（汽车清洗除外）;社会福利事业信息咨询服务;加油站加油系统经营管理服务（不含涉及许可经营项目）;投资咨询服务;为留学人员提供创业、投资项目的信息咨询服务;企业管理服务（涉及许可经营项目的除外）;大型活动组织策划服务（大型活动指晚会、运动会、庆典、艺术和模特大赛、艺术节、电影节及公益演出、展览等，需专项审批的活动应在取得审批后方可经营）;招、投标咨询服务;政府采购咨询服务;房屋建筑工程施工;供应链管理;汽车租赁;餐饮管理;家庭服务;移民咨询服务（不含就业、留学咨询）;机械设备租赁;市场经营管理、摊位出租;市场营销策划服务;代理非诉讼法律事务（不得从事诉讼代理、刑事辩护业务）;仓储咨询服务;会议及展览服务;酒店管理;票务服务;教育咨询服务;单位后勤管理服务（涉及许可经营的项目除外）;社会法律咨询；法律文书代理;包装服务;翻译服务;企业管理咨询服务;企业形象策划服务;园林绿化工程服务;市场调研服务;自费出国留学中介服务;劳动保障事务咨询服务;向境外派遣各类劳务人员（不含海员）;劳务派遣服务;人才信息网络服务;大学生就业推荐;人才培训;流动人才人事档案及相关的人事行政关系管理;人才择业咨询指导;劳动保障事务代理服务;代理船员用人单位管理海船船员事务（具体经营项目以《船员服务机构许可证》为准）;人才推荐;人才测评;对外劳务合作;人才引进;职业信息服务;人事代理;职业中介服务;境外就业中介服务
58Job,2021-08-10,1-49人,,鑫硕泰（深圳）科技有限公司,彩澜,张春艳,2012-10-16,50万人民币,,,双休外贸专员跟单文员,5000,8000,5000-8000元/月,招1人,1-2年,大专,贸易/进出口,新桂园A5栋四楼,一般经营项目是：投资兴办实业（具体项目另行申报）；日用产品、文具、礼品、皮具制品、服装、电子产品、电子元器件、包装印刷材料、纸制品、塑胶制品、数码产品、包装材料、仪器仪表、电脑周边产品的技术开发与销售；网页设计；从事广告业务；经营电子商务；二类医疗器械的经营销售；国内贸易；货物及技术进出口。（法律、行政法规、国务院决定规定在登记前须批准的项目除外），许可经营项目是：
58Job,2021-08-10,1-49人,,深圳青出蓝生物技术有限公司,进阳科技,易金勇,2016-08-26,10万人民币,,,外贸跟单,,,薪资面议,招2人,经验不限,学历不限,贸易/进出口+原材料和加工,广东省深圳市龙华区观澜樟坑径鑫茂工业园a栋501,一般经营项目是：电子产品及电子产品配件（如各种线材、USB转接器、 音箱、 手机及手机配件、电脑周边产品、各种智能产品等等）、汽车电子产品、运动器材、箱包、服装、鞋帽、美容仪器、化妆品、日用品的销售；经营电子商务；国内贸易；经营进出口业务（法律、行政法规、国务院决定规定在登记前须经批准的项目除外），许可经营项目是：
58Job,2021-08-10,1-49人,,深圳市众显实业有限公司,众显实业,崔总显,2016-09-19,100万人民币,,,宝安/高薪急聘外贸业务,8000,16000,8000-16000元/月,招10人,经验不限,学历不限,通信/电信,深圳宝安区航空路银丰工业园A2栋6楼,一般经营项目是：投资兴办实业（具体项目另行申报）；电子产品、通讯产品、智能家居产品的研发、销售与技术咨询；汽车用品、音响、蓝牙、音箱、行车记录仪的研发、销售；经营电子商务（涉及前置性行政许可的，须取得前置性行政许可文件后方可经营）；国内贸易；经营进出口业务（法律、行政法规、国务院决定禁止的项目除外，限制的项目须取得许可后方可经营）。，许可经营项目是：电子产品、通讯产品、智能家居产品、汽车用品、音响、蓝牙、音箱、行车记录仪的加工、生产。
58Job,2021-08-10,1-49人,,深圳市贝凯瑞商贸有限公司,贝凯瑞商贸,章晓兰,2019-11-06,50万人民币,,,外贸专员,,,薪资面议,招若干人,经验不限,大专,互联网/电子商务+贸易/进出口,广东省深圳市宝安区沙井中心路长江大厦,一般经营项目是：国内贸易（不含专营、专卖、专控商品）；经营进出口业务（法律、行政法规、国务院决定禁止的项目除外，限制的项目须取得许可后方可经营）；电子产品销售；数码产品销售；环保节能材料销售；日用百货零售；通讯产品销售；包装制品、包装材料销售；饰品销售；礼品包装；玩具销售。，许可经营项目是：
58Job,2021-08-10,1-49人,,威泰模具（深圳）有限公司,威泰模具（深圳）,刘洪君,2021-04-02,50万人民币,,,模具外贸业务员,,,薪资面议,招若干人,1-2年,学历不限,其他行业,广东省深圳市宝安区中心路高盛大厦,一般经营项目是：模具销售；五金产品销售；五金配件销售；塑胶制品销售；塑胶模具销售。，许可经营项目是：
58Job,2021-08-10,1-49人,,深圳市志远通达科技有限公司,凯,王清华,2016-06-17,100万人民币,,,外贸业务员,6000,12000,6000-12000元/月,招2人,"1-2年,可接收应届生",大专,贸易/进出口,深圳宝安石岩街道宝石西路37号汇尚厦大厦1915,一般经营项目是：电子产品、安防产品、数码产品、通讯产品、智能家居产品的技术开发与销售；计算机软硬件的研发及销售；国内贸易；货物及技术进出口。（法律、行政法规、国务院决定规定在登记前须经批准的项目除外），许可经营项目是：
